SYMBOL,oi,oi_chg,oi_chg_pct
360ONE,4429500,31000,0.7
ABB,1586375,-4250,-0.3
ABCAPITAL,37088400,176700,0.5
ADANIENSOL,23919975,-76950,-0.3
ADANIENT,17759466,92700,0.5
ADANIGREEN,23557200,495600,2.1
ADANIPORTS,15862625,90725,0.6
ADANIPOWER,231349950,3574850,1.6
ALKEM,1709125,-104750,-5.8
AMBER,1178800,8600,0.7
AMBUJACEM,95752800,-727200,-0.8
ANANDRATHI,4006750,2322250,137.9
ANGELONE,36615000,307500,0.8
APLAPOLLO,16487800,-104650,-0.6
APOLLOHOSP,2618750,129750,5.2
ASHOKLEY,125995000,-790000,-0.6
ASIANPAINT,7234750,-36000,-0.5
ASTRAL,5346075,-27625,-0.5
ATHERENERG,6783000,250875,3.8
AUBANK,23739000,201000,0.9
AUROPHARMA,12607650,-123200,-1.0
AXISBANK,96735000,-301875,-0.3
BAJAJ-AUTO,2057475,26400,1.3
BAJAJFINSV,8132700,50700,0.6
BAJAJHLDNG,230175,-4875,-2.1
BAJFINANCE,67219500,1259250,1.9
BANDHANBNK,129348000,-3542400,-2.7
BANKBARODA,144038700,-374400,-0.3
BANKINDIA,68764800,-1305200,-1.9
BDL,8317250,84150,1.0
BEL,94389150,775200,0.8
BHARATFORG,8403000,37000,0.4
BHARTIARTL,57385700,-566675,-1.0
BHEL,80275125,-2008125,-2.4
BIOCON,53782500,-55000,-0.1
BLUESTARCO,7191600,134550,1.9
BOSCHLTD,214100,2325,1.1
BPCL,41016800,205400,0.5
BRITANNIA,2559750,-11125,-0.4
BSE,12776600,277400,2.2
CAMS,10426350,-101475,-1.0
CANBK,373072500,702000,0.2
CDSL,12169975,-51300,-0.4
CGPOWER,17676600,-71400,-0.4
CHOLAFIN,15075625,8125,0.1
CIPLA,10045300,102425,1.0
COALINDIA,88026750,-1485000,-1.7
COCHINSHIP,6502800,107200,1.7
COFORGE,13604475,-243200,-1.8
COLPAL,5933125,-16225,-0.3
CONCOR,25291250,-27500,-0.1
CROMPTON,75101650,165550,0.2
CUMMINSIND,6199600,-4200,-0.1
DABUR,27658750,-78750,-0.3
DELHIVERY,29234675,807175,2.8
DIVISLAB,4709500,57100,1.2
DIXON,2685450,39000,1.5
DLF,38539600,638400,1.7
DMART,4843500,54450,1.1
DRREDDY,22049375,459375,2.1
EICHERMOT,3379600,23900,0.7
ENRIN,425600,38850,10.0
ETERNAL,142817950,-2160675,-1.5
FEDERALBNK,93640000,230000,0.2
FORCEMOT,354425,20450,6.1
FORTIS,12258175,40300,0.3
GAIL,78817100,670950,0.9
GLENMARK,10827750,28875,0.3
GMRAIRPORT,144856800,4847625,3.5
GODFRYPHLP,1525975,-1100,-0.1
GODREJCP,9995000,-128500,-1.3
GODREJPROP,9858225,127075,1.3
GRASIM,7235750,-64750,-0.9
GVT&D,3183875,-22500,-0.7
HAL,5473500,70050,1.3
HAVELLS,11092500,58000,0.5
HCLTECH,24956400,-396000,-1.6
HDFCAMC,7411800,172200,2.4
HDFCBANK,383628700,-2627950,-0.7
HDFCLIFE,43665600,257400,0.6
HEROMOTOCO,3773250,-6600,-0.2
HINDALCO,51296700,154000,0.3
HINDPETRO,46394775,556875,1.2
HINDUNILVR,17213100,544800,3.3
HINDZINC,25124750,400575,1.6
HYUNDAI,4590300,105325,2.3
ICICIBANK,132169100,903000,0.7
ICICIGI,5812300,295750,5.4
ICICIPRULI,19469400,155400,0.8
IDEA,6562620075,-36166350,-0.5
IDFCFIRSTB,414778000,2838150,0.7
IEX,78356550,-600300,-0.8
INDHOTEL,35236000,1088000,3.2
INDIANB,10205000,335000,3.4
INDIGO,6109950,78300,1.3
INDUSINDBK,44446500,76300,0.2
INDUSTOWER,87126700,-408000,-0.5
INFY,75686400,174000,0.2
INOXWIND,117382400,-921600,-0.8
IOC,136353750,-1691625,-1.2
IREDA,92074700,3162975,3.6
IRFC,111717025,2397850,2.2
ITC,214731450,24940050,13.1
JINDALSTEL,16925625,510625,3.1
JIOFIN,228558650,-1473450,-0.6
JSWENERGY,29200225,192425,0.7
JSWSTEEL,41457150,769500,1.9
JUBLFOOD,20675000,-270000,-1.3
KALYANKJIL,22873050,35100,0.2
KAYNES,4652250,305850,7.0
KEI,2181025,-11200,-0.5
KFINTECH,6007025,87400,1.5
KOTAKBANK,175410000,-2236000,-1.3
KPITTECH,11772250,-330150,-2.7
LAURUSLABS,20477350,-30600,-0.1
LICHSGFIN,38688000,-4597000,-10.6
LICI,46678800,-228200,-0.5
LODHA,7348125,77500,1.1
LT,13294575,96775,0.7
LTF,63360000,1338750,2.2
LTM,5197200,47100,0.9
LUPIN,7915200,-38250,-0.5
M&M,14225200,224600,1.6
MAHABANK,39292500,-149500,-0.4
MANAPPURAM,69522000,-102000,-0.1
MANKIND,3370250,203250,6.4
MARICO,17684400,-271200,-1.5
MARUTI,2824500,45550,1.6
MAXHEALTH,12421500,184275,1.5
MAZDOCK,5758200,114750,2.0
MCX,7255125,-137250,-1.9
MFSL,6507600,-162000,-2.4
MOTHERSON,154924650,7318500,5.0
MOTILALOFS,5200250,-46500,-0.9
MPHASIS,5682600,-38500,-0.7
MUTHOOTFIN,6967675,-20900,-0.3
NAM-INDIA,4281250,-12500,-0.3
NATIONALUM,41891250,1095000,2.7
NAUKRI,14232350,13200,0.1
NBCC,91929500,-1053000,-1.1
NESTLEIND,11524000,3500,0.0
NHPC,126740200,222400,0.2
NMDC,366909750,756000,0.2
NTPC,84991500,-433500,-0.5
NYKAA,35106250,-103125,-0.3
OBEROIRLTY,3863650,2800,0.1
OFSS,1249100,800,0.1
OIL,13799800,71400,0.5
ONGC,64190250,-1156500,-1.8
PAGEIND,238680,420,0.2
PATANJALI,40059875,-26875,-0.1
PAYTM,15648400,-410350,-2.6
PERSISTENT,3104625,-34250,-1.1
PETRONET,31743300,153900,0.5
PFC,105678300,245700,0.2
PGEL,12902900,102600,0.8
PHOENIXLTD,3962350,40950,1.0
PIDILITIND,5099000,41500,0.8
PIIND,4013800,52325,1.3
PNB,267424000,-440000,-0.2
PNBHOUSING,10627500,-260650,-2.4
POLICYBZR,20219500,-136500,-0.7
POLYCAB,2226125,-38000,-1.7
POWERGRID,69452600,598500,0.9
POWERINDIA,462825,275,0.1
PREMIERENE,13042900,-170300,-1.3
PRESTIGE,5941350,-62550,-1.0
RADICO,1124400,-23400,-2.0
RBLBANK,42389425,-419100,-1.0
RECLTD,49697550,-445725,-0.9
RELIANCE,162352500,1463000,0.9
RVNL,39146800,1668975,4.5
SAGILITY,96888000,3084000,3.3
SAIL,173411200,-1715500,-1.0
SBICARD,18751200,28000,0.1
SBILIFE,7670250,271125,3.7
SBIN,109314000,662250,0.6
SHREECEM,385225,-3350,-0.9
SHRIRAMFIN,26203650,175725,0.7
SIEMENS,3550925,80500,2.3
SOLARINDS,973400,6000,0.6
SONACOMS,16095275,205800,1.3
SRF,3961800,-170000,-4.1
SUNPHARMA,17138450,233450,1.4
SUPREMEIND,2229150,-4900,-0.2
SUZLON,470522300,-190500,-0.0
SWIGGY,76067825,593125,0.8
TATACONSUM,17425650,-48950,-0.3
TATAELXSI,2596250,45250,1.8
TATAPOWER,68567600,243600,0.4
TATASTEEL,322143250,2879250,0.9
TCS,26974575,-39825,-0.1
TECHM,17534400,-199800,-1.1
TIINDIA,3133000,86000,2.8
TITAN,5975025,-35350,-0.6
TMPV,94129600,310400,0.3
TORNTPHARM,3581250,-13750,-0.4
TRENT,8618175,-164250,-1.9
TVSMOTOR,7704025,39550,0.5
UJJIVANSFB,18344000,5272000,40.3
ULTRACEMCO,1990600,7650,0.4
UNIONBANK,101323650,-1106250,-1.1
UNITDSPR,7176000,-51200,-0.7
UNOMINDA,5831100,-152900,-2.6
UPL,32201575,-149050,-0.5
VBL,70795650,669375,1.0
VEDL,52214600,933800,1.8
VMM,60615300,1299800,2.2
VOLTAS,11025750,-60375,-0.5
WAAREEENER,6666975,65975,1.0
WIPRO,211734000,2685000,1.3
YESBANK,1271958900,9952000,0.8
ZYDUSLIFE,10125900,681300,7.2
