date,sym,exp,dte,spot,atm,straddle,em_pct,iv,iv_skew,pcr,max_pain,cw,pw,fut_oi,fut_oi_chg,opt_val
2026-02-23,BANKNIFTY,2026-02-24,1,61264.25,61300.0,458.65,0.75,17.9,3.33,0.92,61000.0,63000;62000;62500,60000;61000;58000,1900380.0,88530.0,29996280722458.5
2026-02-23,BANKNIFTY,2026-03-30,35,61264.25,61300.0,1785.4,2.91,11.66,0.91,1.3,61000.0,61000;62000;63000,61000;60000;58000,1900380.0,88530.0,742368793867.5
2026-02-23,NIFTY,2026-02-24,1,25713.0,25700.0,171.3,0.67,15.9,1.84,0.98,25700.0,26000;25800;26500,25500;25000;24500,19804850.0,1266590.0,254549116590512.25
2026-02-23,NIFTY,2026-03-02,7,25713.0,25700.0,380.1,1.48,13.32,0.89,0.89,25700.0,27000;26000;27300,25500;25000;25700,19804850.0,1266590.0,8694773282149.5
2026-02-24,BANKNIFTY,2026-02-24,0,61047.3,61000.0,52.3,0.09,1.86,1.73,0.98,61000.0,61100;61000;61200,61000;60000;60900,1924320.0,23940.0,143751762865789.5
2026-02-24,BANKNIFTY,2026-03-30,34,61047.3,61000.0,1796.85,2.94,11.89,0.14,1.2,61000.0,61000;62000;61500,61000;60000;58000,1924320.0,23940.0,1544168558388.0
2026-02-24,NIFTY,2026-02-24,0,25424.65,25400.0,25.2,0.1,2.16,2.31,0.87,25450.0,25450;25500;26000,25400;25000;25350,20919860.0,1115010.0,591314336116858.2
2026-02-24,NIFTY,2026-03-02,6,25424.65,25400.0,367.9,1.45,14.07,-1.17,0.6,25500.0,25500;27000;26000,25000;25500;23100,20919860.0,1115010.0,19728590373641.5
2026-02-25,BANKNIFTY,2026-03-30,33,61043.35,61000.0,1746.25,2.86,11.74,0.75,1.08,61000.0,61000;61500;62000,61000;60000;58000,1547550.0,118800.0,3235049105920.5
2026-02-25,BANKNIFTY,2026-04-28,62,61043.35,61000.0,2504.95,4.1,12.18,0.55,2.11,61300.0,64000;62000;61000,58000;57000;60000,1547550.0,118800.0,34541596144.5
2026-02-25,NIFTY,2026-03-02,5,25482.5,25500.0,294.55,1.16,12.38,-0.22,0.65,25500.0,25600;25700;26000,25500;23100;25000,13901940.0,-370825.0,108340123355610.23
2026-02-25,NIFTY,2026-03-10,13,25482.5,25500.0,472.65,1.85,12.29,0.0,0.91,25600.0,26000;25600;26100,25000;25500;24500,13901940.0,-370825.0,2377670796796.75
2026-02-26,BANKNIFTY,2026-03-30,32,61187.7,61200.0,1665.05,2.72,11.38,0.93,1.14,61000.0,61000;62000;63000,61000;60000;58000,1551780.0,4230.0,2644756147302.0
2026-02-26,BANKNIFTY,2026-04-28,61,61187.7,61200.0,2438.65,3.99,11.96,0.96,2.09,61500.0,64000;62000;61000,58000;57000;60000,1551780.0,4230.0,31498156008.0
2026-02-26,NIFTY,2026-03-02,4,25496.55,25500.0,235.85,0.93,11.06,0.3,0.69,25500.0,26000;25500;25700,24000;25000;25500,14064375.0,162435.0,110770377786350.77
2026-02-26,NIFTY,2026-03-10,12,25496.55,25500.0,433.1,1.7,11.7,0.33,0.89,25500.0,26000;25500;26200,25500;25000;24500,14064375.0,162435.0,3142584950826.75
2026-02-27,BANKNIFTY,2026-03-30,31,60529.0,60500.0,1723.6,2.85,12.09,-0.24,1.0,61000.0,61000;63000;62000,61000;60000;58000,1915020.0,363240.0,3592656581721.0
2026-02-27,BANKNIFTY,2026-04-28,60,60529.0,60500.0,2490.3,4.11,12.44,-0.19,2.01,61200.0,64000;61000;62000,58000;60000;57000,1915020.0,363240.0,47514450331.5
2026-02-27,NIFTY,2026-03-02,3,25178.65,25200.0,211.6,0.84,11.62,-1.81,0.46,25300.0,26000;25500;25400,25000;24000;23100,16107260.0,2042885.0,216122414956955.0
2026-02-27,NIFTY,2026-03-10,11,25178.65,25200.0,450.05,1.79,12.89,-0.78,0.55,25400.0,27000;26000;25500,24500;25000;24000,16107260.0,2042885.0,6399766127293.5
2026-03-02,BANKNIFTY,2026-03-30,28,59839.65,59800.0,1926.0,3.22,14.44,-0.73,1.01,61000.0,61000;62000;63000,61000;60000;58000,2082090.0,167070.0,4758272171229.0
2026-03-02,BANKNIFTY,2026-04-28,57,59839.65,59800.0,2711.2,4.53,14.15,-0.82,1.74,61000.0,64000;60000;61000,58000;57000;60000,2082090.0,167070.0,141276497374.5
2026-03-02,NIFTY,2026-03-02,0,24865.7,24850.0,24.8,0.1,2.94,3.89,0.89,24900.0,24900;25000;25500,24850;24800;24000,17053205.0,945945.0,730015054433190.5
2026-03-02,NIFTY,2026-03-10,8,24865.7,24850.0,543.1,2.18,18.45,1.72,0.74,25000.0,26000;25500;25000,24000;23500;24500,17053205.0,945945.0,21910654949618.5
2026-03-04,BANKNIFTY,2026-03-30,26,58755.25,58800.0,2336.75,3.98,18.65,-1.08,0.9,60400.0,61000;62000;63000,59000;62000;61000,2482020.0,399930.0,4732607210275.5
2026-03-04,BANKNIFTY,2026-04-28,55,58755.25,58800.0,3099.8,5.28,16.94,-0.83,1.43,60000.0,60000;63000;64000,58000;57000;60000,2482020.0,399930.0,121997690322.0
2026-03-04,NIFTY,2026-03-10,6,24480.5,24500.0,629.9,2.57,25.16,1.17,0.78,24700.0,26000;25000;25500,23100;24000;23500,17939285.0,886080.0,77306722738635.0
2026-03-04,NIFTY,2026-03-17,13,24480.5,24500.0,830.7,3.39,22.54,0.98,0.62,24700.0,26000;25500;25000,23500;24000;24500,17939285.0,886080.0,1874671855290.0
2026-03-05,BANKNIFTY,2026-03-30,25,59055.85,59100.0,1974.1,3.34,15.96,-0.59,0.89,60000.0,62000;61000;60000,59000;62000;61000,2548320.0,66300.0,4667128439296.5
2026-03-05,BANKNIFTY,2026-04-28,54,59055.85,59100.0,2758.95,4.67,15.1,0.03,1.4,60000.0,59000;60000;61000,59000;58000;57000,2548320.0,66300.0,149572203913.5
2026-03-05,NIFTY,2026-03-10,5,24765.9,24750.0,430.2,1.74,18.57,2.71,0.92,24750.0,26000;25500;25000,22750;24000;23500,17869475.0,-69810.0,92257867384218.23
2026-03-05,NIFTY,2026-03-17,12,24765.9,24750.0,650.3,2.63,18.1,2.91,0.7,24750.0,26000;25500;25000,24000;24500;23500,17869475.0,-69810.0,2430887542937.75
2026-03-06,BANKNIFTY,2026-03-30,24,57783.25,57800.0,2351.15,4.07,19.86,-0.86,0.79,59500.0,62000;61000;60000,59000;62000;58000,2815830.0,267510.0,4677705621912.0
2026-03-06,BANKNIFTY,2026-04-28,53,57783.25,57800.0,3166.65,5.48,17.93,-1.02,1.11,59500.0,59000;62000;60000,59000;58000;57000,2815830.0,267510.0,162515484606.0
2026-03-06,NIFTY,2026-03-10,4,24450.45,24450.0,461.9,1.89,22.62,1.37,0.68,24600.0,26000;25500;25000,22750;23500;24000,18279430.0,409955.0,136620634152096.23
2026-03-06,NIFTY,2026-03-17,11,24450.45,24450.0,736.45,3.01,21.74,0.97,0.61,24650.0,26000;25500;25000,24000;24500;23500,18279430.0,409955.0,3041576190510.0
2026-03-09,BANKNIFTY,2026-03-30,21,56019.8,56000.0,2869.0,5.12,26.76,-1.71,0.79,59000.0,61000;59000;60000,59000;62000;51000,3023700.0,207870.0,4624950585984.0
2026-03-09,BANKNIFTY,2026-04-28,50,56019.8,56000.0,3810.7,6.8,23.0,-1.78,0.73,59000.0,62000;60000;59000,59000;58000;57000,3023700.0,207870.0,222442787349.0
2026-03-09,NIFTY,2026-03-10,1,24028.05,24050.0,379.15,1.58,37.75,-3.71,1.0,24100.0,25000;25500;26000,23000;22750;23500,20247435.0,1968005.0,182085245371487.25
2026-03-09,NIFTY,2026-03-17,8,24028.05,24050.0,823.6,3.43,29.02,-1.73,0.57,24300.0,26000;25000;25500,24000;22750;23500,20247435.0,1968005.0,6047370117467.25
2026-03-10,BANKNIFTY,2026-03-30,20,56950.8,57000.0,2135.0,3.75,20.06,-2.27,0.81,59000.0,61000;59000;60000,59000;56000;51000,2913030.0,-110670.0,3961683127489.5
2026-03-10,BANKNIFTY,2026-04-28,49,56950.8,57000.0,3112.4,5.47,18.63,-2.23,0.78,59000.0,62000;59000;60000,61000;59000;58000,2913030.0,-110670.0,204670942948.5
2026-03-10,NIFTY,2026-03-10,0,24261.6,24250.0,17.7,0.07,2.32,2.64,1.02,24250.0,24300;25000;24250,24250;24200;23000,20273825.0,26390.0,669524392015703.2
2026-03-10,NIFTY,2026-03-17,7,24261.6,24250.0,551.25,2.27,20.54,-2.8,0.89,24300.0,26000;25000;25500,21500;23000;21450,20273825.0,26390.0,13595838067893.25
2026-03-11,BANKNIFTY,2026-03-30,19,55735.75,55700.0,2422.15,4.35,23.85,-0.02,0.76,58500.0,61000;59000;60000,59000;56000;51000,3108240.0,195210.0,4060854458704.5
2026-03-11,BANKNIFTY,2026-04-28,48,55735.75,55700.0,3437.55,6.17,21.26,-1.39,0.82,59000.0,62000;61000;60000,61000;59000;57000,3108240.0,195210.0,246664011813.0
2026-03-11,NIFTY,2026-03-17,6,23866.85,23850.0,593.6,2.49,24.3,0.15,0.61,24100.0,26000;25000;25500,23000;21500;21450,21392800.0,1118975.0,71673247675513.25
2026-03-11,NIFTY,2026-03-24,13,23866.85,23850.0,822.2,3.44,22.86,0.81,0.61,24050.0,25000;26000;24000,23000;24000;23500,21392800.0,1118975.0,1558028936441.25
2026-03-12,BANKNIFTY,2026-03-30,18,55100.95,55100.0,2404.6,4.36,24.62,-1.57,0.79,58200.0,61000;59000;60000,59000;51000;55000,3071940.0,-36300.0,4078676226235.5
2026-03-12,BANKNIFTY,2026-04-28,47,55100.95,55100.0,3559.15,6.46,22.52,-2.97,0.83,59000.0,62000;61000;60000,61000;59000;57000,3071940.0,-36300.0,203748526932.0
2026-03-12,NIFTY,2026-03-17,5,23639.15,23650.0,504.1,2.13,22.84,-0.8,0.7,23900.0,25000;24500;25500,21500;21450;23000,21744125.0,351325.0,70357561650678.25
2026-03-12,NIFTY,2026-03-24,12,23639.15,23650.0,781.15,3.3,22.84,-0.43,0.54,24000.0,25000;26000;24000,23000;23500;22000,21744125.0,351325.0,1847029080776.75
2026-03-13,BANKNIFTY,2026-03-30,17,53757.85,53800.0,2546.2,4.74,27.52,-0.3,0.75,57100.0,61000;59000;60000,59000;51000;54000,3219360.0,147420.0,4831741052035.5
2026-03-13,BANKNIFTY,2026-04-28,46,53757.85,53800.0,3818.4,7.1,25.08,-1.61,0.8,59000.0,62000;61000;60000,61000;59000;57000,3219360.0,147420.0,278608877586.0
2026-03-13,NIFTY,2026-03-17,4,23151.1,23150.0,490.5,2.12,25.36,1.6,0.58,23500.0,25000;24000;24500,21500;22000;21450,23888410.0,2144285.0,132405602366111.77
2026-03-13,NIFTY,2026-03-24,11,23151.1,23150.0,815.3,3.52,25.42,0.92,0.55,23500.0,25000;24000;24500,23000;21500;21450,23888410.0,2144285.0,3007837881252.75
2026-03-16,BANKNIFTY,2026-03-30,14,54413.4,54400.0,2243.8,4.12,26.39,-0.5,0.75,57000.0,61000;60000;59000,51000;59000;54000,3214950.0,-4410.0,4960672339203.0
2026-03-16,BANKNIFTY,2026-04-28,43,54413.4,54400.0,3579.1,6.58,23.99,-0.69,0.83,59000.0,62000;61000;60000,61000;59000;55000,3214950.0,-4410.0,224266907335.5
2026-03-16,NIFTY,2026-03-17,1,23408.8,23400.0,307.1,1.31,31.4,5.4,1.02,23400.0,24000;24500;25000,22000;23000;22500,22332895.0,-1555515.0,251268758220489.7
2026-03-16,NIFTY,2026-03-24,8,23408.8,23400.0,683.9,2.92,24.72,3.23,0.79,23450.0,24000;25000;26000,21000;23000;22000,22332895.0,-1555515.0,6736738737725.75
2026-03-17,BANKNIFTY,2026-03-30,13,54876.0,54900.0,1830.45,3.34,22.15,0.2,0.79,57000.0,61000;60000;59000,51000;59000;54000,3193830.0,-21120.0,4219240918695.0
2026-03-17,BANKNIFTY,2026-04-28,42,54876.0,54900.0,3280.95,5.98,22.06,-1.55,0.8,59000.0,60000;61000;59000,60000;61000;59000,3193830.0,-21120.0,273467621604.0
2026-03-17,NIFTY,2026-03-17,0,23581.15,23600.0,19.45,0.08,2.18,-2.37,1.13,23600.0,23600;23650;24000,23550;23500;23600,21921120.0,-411775.0,744461891995038.8
2026-03-17,NIFTY,2026-03-24,7,23581.15,23600.0,509.8,2.16,19.56,1.15,0.98,23600.0,25000;24000;24500,21000;23000;20950,21921120.0,-411775.0,15184650911849.25
2026-03-18,BANKNIFTY,2026-03-30,12,55326.05,55300.0,1584.05,2.86,19.76,0.6,0.9,57000.0,61000;60000;59000,54000;55000;51000,3223200.0,29370.0,5323743605646.0
2026-03-18,BANKNIFTY,2026-04-28,41,55326.05,55300.0,2967.1,5.36,19.98,-0.67,0.8,59000.0,60000;61000;59000,60000;61000;59000,3223200.0,29370.0,324933626631.0
2026-03-18,NIFTY,2026-03-24,6,23777.8,23800.0,427.1,1.8,17.56,2.86,1.06,23700.0,25000;24500;24000,21000;23000;20950,21585005.0,-336115.0,75655229332569.25
2026-03-18,NIFTY,2026-03-30,12,23777.8,23800.0,600.85,2.53,17.46,2.45,1.18,24500.0,26000;25000;24000,19000;23000;20000,21585005.0,-336115.0,4505565188666.75
2026-03-19,BANKNIFTY,2026-03-30,11,53451.0,53500.0,1979.35,3.7,26.74,-0.39,0.79,56000.0,59000;61000;56000,51000;59000;54000,3181230.0,-41970.0,6511635964407.0
2026-03-19,BANKNIFTY,2026-04-28,40,53451.0,53500.0,3599.5,6.73,25.51,-1.41,0.76,58000.0,60000;61000;59000,60000;54000;61000,3181230.0,-41970.0,360283996572.0
2026-03-19,NIFTY,2026-03-24,5,23002.15,23000.0,525.0,2.28,24.44,0.69,0.71,23300.0,25000;24000;24500,21000;23000;22000,21897135.0,312130.0,73475785470226.75
2026-03-19,NIFTY,2026-03-30,11,23002.15,23000.0,755.5,3.28,23.7,-0.03,1.08,24200.0,26000;24000;25000,19000;22000;20000,21897135.0,312130.0,6623315378689.75
2026-03-20,BANKNIFTY,2026-03-30,10,53427.05,53400.0,1947.95,3.65,27.6,-0.68,0.8,56000.0,59000;61000;60000,59000;54000;51000,3201720.0,20490.0,6220303585879.5
2026-03-20,BANKNIFTY,2026-04-28,39,53427.05,53400.0,3570.55,6.68,25.62,-1.61,0.78,58000.0,60000;61000;59000,60000;54000;55000,3201720.0,20490.0,280279465498.5
2026-03-20,NIFTY,2026-03-24,4,23114.5,23100.0,479.05,2.07,24.8,1.01,0.79,23250.0,25000;24000;24500,21000;22000;23000,22509370.0,612235.0,132694294290044.5
2026-03-20,NIFTY,2026-03-30,10,23114.5,23100.0,724.9,3.14,23.73,0.7,1.08,24000.0,26000;24000;25000,19000;20000;22000,22509370.0,612235.0,5891882714588.0
2026-03-23,BANKNIFTY,2026-03-30,7,51437.75,51400.0,2182.35,4.24,38.41,1.24,0.73,55100.0,59000;61000;56000,59000;51000;48000,3303120.0,101400.0,6377364188517.0
2026-03-23,BANKNIFTY,2026-04-28,36,51437.75,51400.0,,,52.37,,0.74,57000.0,60000;61000;57000,60000;54000;61000,3303120.0,101400.0,401066553285.0
2026-03-23,NIFTY,2026-03-24,1,22512.65,22500.0,398.2,1.77,42.34,1.87,0.7,22750.0,24000;23500;23000,21000;22000;21500,23287550.0,778180.0,161169197349098.25
2026-03-23,NIFTY,2026-03-30,7,22512.65,22500.0,841.2,3.74,33.83,1.87,0.97,23800.0,26000;24000;25000,20000;19000;22000,23287550.0,778180.0,8829642907055.75
2026-03-24,BANKNIFTY,2026-03-30,6,52605.65,52600.0,1708.45,3.25,31.76,-0.67,0.75,55000.0,61000;59000;56000,59000;48000;51000,3107310.0,-195810.0,7184880695127.0
2026-03-24,BANKNIFTY,2026-04-28,35,52605.65,52600.0,,,29.48,,0.79,57000.0,60000;61000;59000,60000;54000;51000,3107310.0,-195810.0,331042820697.0
2026-03-24,NIFTY,2026-03-24,0,22912.4,22900.0,19.3,0.08,2.13,2.27,0.97,22950.0,23000;22950;23500,22900;22800;22700,23304710.0,17160.0,669701376502837.2
2026-03-24,NIFTY,2026-03-30,6,22912.4,22900.0,652.25,2.85,27.82,0.86,1.05,23500.0,24000;25000;26000,20000;22000;21000,23304710.0,17160.0,18514587155233.0
2026-03-25,BANKNIFTY,2026-03-30,5,53708.1,53700.0,1422.4,2.65,28.36,1.4,0.84,55200.0,59000;61000;56000,59000;48000;52000,3011970.0,-95340.0,7230334224973.5
2026-03-25,BANKNIFTY,2026-04-28,34,53708.1,53700.0,3453.35,6.43,26.41,-0.74,0.89,57000.0,60000;61000;55000,60000;52000;54000,3011970.0,-95340.0,481022315682.0
2026-03-25,NIFTY,2026-03-30,5,23306.45,23300.0,550.1,2.36,25.27,2.2,1.24,23500.0,25000;24000;24500,20000;21000;22000,23063690.0,-241020.0,58820737682229.25
2026-03-25,NIFTY,2026-04-07,13,23306.45,23300.0,890.6,3.82,25.38,2.03,1.1,24200.0,24500;24600;24700,24650;24550;23000,23063690.0,-241020.0,2183605444637.5
2026-03-27,BANKNIFTY,2026-03-30,3,52274.6,52300.0,1088.2,2.08,28.78,1.26,0.81,54300.0,61000;59000;56000,49000;59000;51000,3262350.0,250380.0,13022744552806.5
2026-03-27,BANKNIFTY,2026-04-28,32,52274.6,52300.0,3732.9,7.14,30.26,0.22,0.86,56000.0,60000;59000;55000,60000;52000;59000,3262350.0,250380.0,673039314961.5
2026-03-27,NIFTY,2026-03-30,3,22819.6,22800.0,426.0,1.87,25.78,1.56,0.88,23150.0,24000;25000;24500,20000;22000;21500,25269660.0,2205970.0,117342633474407.23
2026-03-27,NIFTY,2026-04-07,11,22819.6,22800.0,955.35,4.19,30.22,2.17,0.91,23600.0,24500;24000;25000,21000;20500;22000,25269660.0,2205970.0,3843816678182.0
2026-03-30,BANKNIFTY,2026-03-30,0,50275.35,50300.0,63.75,0.13,4.14,3.0,0.63,50900.0,50300;50400;50800,50200;50300;50000,3608220.0,345870.0,102034125529153.5
2026-03-30,BANKNIFTY,2026-04-28,29,50275.35,50300.0,,,34.66,,0.86,55000.0,60000;55000;59000,60000;59000;52000,3608220.0,345870.0,1151523117414.0
2026-03-30,NIFTY,2026-03-30,0,22331.4,22350.0,35.75,0.16,4.9,4.96,0.76,22500.0,22350;22500;23000,22300;22000;21500,29861975.0,4592315.0,519147239087356.8
2026-03-30,NIFTY,2026-04-07,8,22331.4,22350.0,779.2,3.49,29.55,0.06,0.77,23000.0,24000;24500;23500,20500;21000;20200,29861975.0,4592315.0,11274585282051.0
2026-04-01,BANKNIFTY,2026-04-28,27,51448.65,51400.0,3287.1,6.39,29.46,-1.43,0.84,54000.0,60000;55000;59000,60000;51000;59000,2712540.0,-389190.0,2605458328096.5
2026-04-01,BANKNIFTY,2026-05-26,55,51448.65,51400.0,,,27.98,,0.61,55000.0,60000;55000;52000,58000;57000;52000,2712540.0,-389190.0,42423645645.0
2026-04-01,NIFTY,2026-04-07,6,22679.4,22700.0,613.05,2.7,26.43,-1.56,0.84,23000.0,24000;24500;23500,20200;21000;20500,23023975.0,-199680.0,60767532634497.0
2026-04-01,NIFTY,2026-04-13,12,22679.4,22700.0,889.3,3.92,27.12,-1.45,0.8,22900.0,24000;23000;25000,20500;22500;21500,23023975.0,-199680.0,1205926301775.0
2026-04-02,BANKNIFTY,2026-04-28,26,51548.75,51500.0,3328.15,6.46,30.34,-0.09,0.86,54000.0,60000;55000;59000,60000;51000;50000,2798370.0,85830.0,2717090529801.0
2026-04-02,BANKNIFTY,2026-05-26,54,51548.75,51500.0,4443.45,8.62,28.1,0.11,0.61,54900.0,60000;55000;57000,58000;57000;50000,2798370.0,85830.0,48674220589.5
2026-04-02,NIFTY,2026-04-07,5,22713.1,22700.0,550.1,2.42,25.92,4.29,1.17,22800.0,24000;23000;24500,20200;21000;22000,23852465.0,828490.0,63887872519929.25
2026-04-02,NIFTY,2026-04-13,11,22713.1,22700.0,859.55,3.78,27.32,3.28,0.78,22700.0,25000;24000;23500,20500;22000;20200,23852465.0,828490.0,2260506781981.5
2026-04-06,BANKNIFTY,2026-04-28,22,52609.1,52600.0,3130.85,5.95,30.4,-1.46,0.87,54000.0,60000;55000;59000,52000;50000;51000,2741970.0,-56400.0,2738688811492.5
2026-04-06,BANKNIFTY,2026-05-26,50,52609.1,52600.0,4299.65,8.17,27.7,-1.27,0.63,54100.0,60000;57000;55000,58000;57000;52000,2741970.0,-56400.0,47603787292.5
2026-04-06,NIFTY,2026-04-07,1,22968.25,22950.0,364.85,1.59,38.01,-0.36,1.43,23000.0,24000;23500;24500,21500;22000;22500,24259625.0,407160.0,181794127337520.75
2026-04-06,NIFTY,2026-04-13,7,22968.25,22950.0,781.55,3.4,30.79,-0.66,0.93,22900.0,25000;24000;23500,20100;20500;21000,24259625.0,407160.0,6012339570097.25
2026-04-07,BANKNIFTY,2026-04-28,21,52716.25,52700.0,2968.6,5.63,29.44,0.91,0.86,54000.0,60000;58000;55000,50000;52000;59000,2685120.0,-56850.0,2115349298275.5
2026-04-07,BANKNIFTY,2026-05-26,49,52716.25,52700.0,4371.1,8.29,28.39,4.68,0.63,54000.0,57000;60000;55000,58000;57000;52000,2685120.0,-56850.0,39478512013.5
2026-04-07,NIFTY,2026-04-07,0,23123.65,23100.0,24.1,0.1,2.17,2.34,1.38,23100.0,23150;23500;23100,23100;23000;22900,24528855.0,269230.0,626433380796915.2
2026-04-07,NIFTY,2026-04-13,6,23123.65,23100.0,671.5,2.9,28.37,3.16,1.27,23000.0,25000;24000;24500,20100;21000;22000,24528855.0,269230.0,12510038310272.75
2026-04-08,BANKNIFTY,2026-04-28,20,55703.9,55700.0,2175.8,3.91,20.89,0.22,0.81,55000.0,60000;58000;59000,52000;55000;58000,2490780.0,-194340.0,4645956951271.5
2026-04-08,BANKNIFTY,2026-05-26,48,55703.9,55700.0,3260.05,5.85,20.16,0.9,0.66,55000.0,58000;60000;57000,58000;50000;57000,2490780.0,-194340.0,140148810001.5
2026-04-08,NIFTY,2026-04-13,5,23997.35,24000.0,424.55,1.77,18.94,1.28,1.2,23900.0,25000;24500;24000,21000;23000;22000,23000900.0,-1527955.0,67485428796587.75
2026-04-08,NIFTY,2026-04-21,13,23997.35,24000.0,675.2,2.81,18.67,1.16,0.99,23800.0,25000;24000;24500,20100;23000;21000,23000900.0,-1527955.0,1418389908507.0
2026-04-09,BANKNIFTY,2026-04-28,19,54821.7,54800.0,2328.05,4.25,23.31,-0.96,0.77,55000.0,58000;60000;55000,58000;52000;55000,2506380.0,15600.0,3494687600755.5
2026-04-09,BANKNIFTY,2026-05-26,47,54821.7,54800.0,3529.5,6.44,22.44,-0.63,0.72,55900.0,60000;57000;55000,58000;52000;50000,2506380.0,15600.0,109918646902.5
2026-04-09,NIFTY,2026-04-13,4,23775.1,23800.0,388.5,1.63,19.56,-1.12,0.92,23800.0,25000;24500;24000,23000;21000;22500,22720035.0,-280865.0,70430606717549.0
2026-04-09,NIFTY,2026-04-21,12,23775.1,23800.0,688.05,2.89,20.01,-0.69,0.9,23800.0,25000;25500;26000,20100;23000;21000,22720035.0,-280865.0,1959288586212.75
2026-04-10,BANKNIFTY,2026-04-28,18,55912.75,55900.0,2014.7,3.6,20.31,1.04,0.84,55500.0,58000;60000;59000,58000;52000;55000,2489370.0,-17010.0,3647647006504.5
2026-04-10,BANKNIFTY,2026-05-26,46,55912.75,55900.0,3142.25,5.62,19.77,1.26,0.79,56000.0,60000;57000;58000,58000;50000;53000,2489370.0,-17010.0,116509158453.0
2026-04-10,NIFTY,2026-04-13,3,24050.6,24050.0,282.6,1.18,16.24,1.5,1.17,23950.0,25000;24500;24900,23000;22500;24000,21503040.0,-1216995.0,137931495853521.5
2026-04-10,NIFTY,2026-04-21,11,24050.6,24050.0,581.5,2.42,17.43,1.24,1.0,23950.0,26000;25000;25500,21000;23000;20100,21503040.0,-1216995.0,4195131078037.25
2026-04-13,BANKNIFTY,2026-04-28,15,55605.05,55600.0,2193.0,3.94,24.38,0.67,0.92,55300.0,60000;58000;61000,58000;55000;54000,2474160.0,-15210.0,3768913094167.5
2026-04-13,BANKNIFTY,2026-05-26,43,55605.05,55600.0,3338.9,6.0,21.88,0.27,0.57,57000.0,60000;55000;58000,60000;58000;50000,2474160.0,-15210.0,239520389367.0
2026-04-13,NIFTY,2026-04-13,0,23842.65,23850.0,17.2,0.07,2.38,0.39,1.21,23850.0,23850;23900;24500,23800;23000;23850,21726900.0,223860.0,565777767462157.2
2026-04-13,NIFTY,2026-04-21,8,23842.65,23850.0,589.9,2.47,20.94,1.79,1.1,23800.0,25000;24500;26000,23000;22000;22500,21726900.0,223860.0,11548076930370.5
2026-04-15,BANKNIFTY,2026-04-28,13,56301.95,56300.0,1826.3,3.24,21.52,0.83,0.91,55500.0,60000;58000;59000,55000;54000;52000,2628510.0,154350.0,4190813237328.0
2026-04-15,BANKNIFTY,2026-05-26,41,56301.95,56300.0,2979.35,5.29,19.73,0.38,0.73,58000.0,60000;57000;58000,60000;58000;54000,2628510.0,154350.0,258182106463.5
2026-04-15,NIFTY,2026-04-21,6,24231.3,24250.0,439.9,1.82,17.75,2.32,1.11,24200.0,25000;25500;24200,23000;24200;22500,21075470.0,-651430.0,54229059160181.75
2026-04-15,NIFTY,2026-04-28,13,24231.3,24250.0,639.9,2.64,17.53,2.46,1.07,24000.0,26000;25000;24000,23000;22000;24000,21075470.0,-651430.0,3641714487957.0
2026-04-16,BANKNIFTY,2026-04-28,12,56086.4,56100.0,1732.8,3.09,21.35,0.62,0.88,55500.0,60000;59000;61000,55000;54000;52000,2639070.0,10560.0,4173036818014.5
2026-04-16,BANKNIFTY,2026-05-26,40,56086.4,56100.0,2878.85,5.13,19.38,0.24,0.76,58000.0,60000;57000;62000,60000;58000;56000,2639070.0,10560.0,206023749489.0
2026-04-16,NIFTY,2026-04-21,5,24196.75,24200.0,373.1,1.54,16.5,2.95,0.87,24200.0,25000;25500;24800,23000;23500;23200,20780175.0,-295295.0,65265243299324.25
2026-04-16,NIFTY,2026-04-28,12,24196.75,24200.0,612.7,2.53,17.48,3.04,1.06,24000.0,26000;25000;24500,22000;24000;23000,20780175.0,-295295.0,4160430042606.5
2026-04-17,BANKNIFTY,2026-04-28,11,56565.7,56600.0,1599.2,2.83,20.41,0.64,0.96,55800.0,60000;58000;59000,54000;55000;52000,2602470.0,-36600.0,4067796896398.5
2026-04-17,BANKNIFTY,2026-05-26,39,56565.7,56600.0,2713.8,4.8,18.34,0.01,0.79,58000.0,60000;58000;57000,60000;54000;56000,2602470.0,-36600.0,230023855492.5
2026-04-17,NIFTY,2026-04-21,4,24353.55,24350.0,315.2,1.29,15.48,1.94,1.02,24250.0,25000;25500;24800,23000;24000;23500,20544095.0,-236080.0,104051888324312.5
2026-04-17,NIFTY,2026-04-28,11,24353.55,24350.0,559.5,2.3,16.55,2.04,1.16,24050.0,26000;25000;24500,21000;23000;22500,20544095.0,-236080.0,5028194835222.0
2026-04-20,BANKNIFTY,2026-04-28,8,56582.35,56600.0,1589.0,2.81,23.78,1.77,1.01,56000.0,60000;59000;61000,55000;54000;52000,2434770.0,-167700.0,5809511533953.0
2026-04-20,BANKNIFTY,2026-05-26,36,56582.35,56600.0,2795.35,4.94,19.67,0.6,0.87,58500.0,60000;57000;59000,60000;54000;58000,2434770.0,-167700.0,310712346988.5
2026-04-20,NIFTY,2026-04-21,1,24364.85,24350.0,262.6,1.08,25.77,6.56,1.1,24300.0,25000;24500;24800,23500;24000;23000,20196280.0,-347815.0,178546455044269.0
2026-04-20,NIFTY,2026-04-28,8,24364.85,24350.0,580.55,2.38,20.14,4.83,1.13,24200.0,26000;25000;24500,21000;23000;22500,20196280.0,-347815.0,8052286016212.75
2026-04-21,BANKNIFTY,2026-04-28,7,57371.45,57400.0,1339.3,2.33,21.12,2.69,1.12,56400.0,60000;59000;61000,52000;55000;54000,2407530.0,-27240.0,4711811766702.0
2026-04-21,BANKNIFTY,2026-05-26,35,57371.45,57400.0,2587.6,4.51,18.2,0.65,0.88,58500.0,60000;59000;58000,60000;55000;57000,2407530.0,-27240.0,309374275630.5
2026-04-21,NIFTY,2026-04-21,0,24576.6,24600.0,26.1,0.11,2.63,0.6,1.52,24550.0,24600;24800;25000,24550;24500;24450,19910865.0,-285415.0,532346486983376.0
2026-04-21,NIFTY,2026-04-28,7,24576.6,24600.0,480.75,1.96,17.7,1.61,1.17,24400.0,26000;25000;25500,23000;24000;21000,19910865.0,-285415.0,12769008322014.75
2026-04-22,BANKNIFTY,2026-04-28,6,57124.45,57100.0,1218.5,2.13,20.84,1.63,0.99,56400.0,60000;59000;61000,55000;52000;57000,2374770.0,-32760.0,6288514312483.5
2026-04-22,BANKNIFTY,2026-05-26,34,57124.45,57100.0,2707.55,4.74,19.4,0.04,0.96,58500.0,60000;59000;58000,60000;50000;55000,2374770.0,-32760.0,298840158720.0
2026-04-22,NIFTY,2026-04-28,6,24378.1,24400.0,442.9,1.82,17.76,2.1,0.95,24400.0,26000;25000;24500,23000;24000;22000,20361510.0,450645.0,52415002691483.25
2026-04-22,NIFTY,2026-05-05,13,24378.1,24400.0,673.45,2.76,18.34,1.54,0.75,24400.0,25000;25500;26000,22500;24500;23000,20361510.0,450645.0,1559833116422.75
2026-04-23,BANKNIFTY,2026-04-28,5,56305.0,56300.0,1039.3,1.85,19.76,1.29,0.9,56100.0,60000;59000;57000,54000;52000;55000,2446620.0,71850.0,6825875972374.5
2026-04-23,BANKNIFTY,2026-05-26,33,56305.0,56300.0,2730.45,4.85,20.16,0.37,0.91,58000.0,60000;57000;58000,60000;57000;50000,2446620.0,71850.0,377822239189.5
2026-04-23,NIFTY,2026-04-28,5,24173.05,24150.0,374.6,1.55,16.53,3.0,0.83,24200.0,26000;25000;24500,23000;22000;24000,20320820.0,-40690.0,57037179653496.25
2026-04-23,NIFTY,2026-05-05,12,24173.05,24150.0,640.0,2.65,18.24,2.61,0.83,24300.0,25000;26000;25500,22500;23000;24500,20320820.0,-40690.0,1875852022200.0
2026-04-24,BANKNIFTY,2026-04-28,4,56089.75,56100.0,932.8,1.66,19.91,-2.24,0.91,56000.0,60000;59000;58000,54000;52000;55000,2431260.0,-15360.0,13089982923373.5
2026-04-24,BANKNIFTY,2026-05-26,32,56089.75,56100.0,2715.3,4.84,20.46,-1.08,0.91,58000.0,60000;57000;58000,60000;56000;50000,2431260.0,-15360.0,369132468532.5
2026-04-24,NIFTY,2026-04-28,4,23897.95,23900.0,348.1,1.46,17.43,-0.14,0.68,24000.0,25000;24500;26000,23000;22000;24000,21139560.0,818740.0,112716520657490.77
2026-04-24,NIFTY,2026-05-05,11,23897.95,23900.0,638.65,2.67,19.27,-0.53,0.75,24100.0,26000;25000;26100,23000;22500;24000,21139560.0,818740.0,3425858015264.75
2026-04-27,BANKNIFTY,2026-04-28,1,56264.3,56300.0,519.9,0.92,22.1,-5.67,0.89,56100.0,60000;59000;58000,54000;55000;56000,2443800.0,12540.0,25699134588175.5
2026-04-27,BANKNIFTY,2026-05-26,29,56264.3,56300.0,2491.7,4.43,19.66,-1.15,0.93,57300.0,60000;58000;57000,60000;56000;50000,2443800.0,12540.0,549590602365.0
2026-04-27,NIFTY,2026-04-28,1,24092.7,24100.0,187.35,0.78,18.62,-4.5,0.97,24100.0,25000;24500;24300,24000;23000;23500,21537295.0,397735.0,183796723791115.5
2026-04-27,NIFTY,2026-05-05,8,24092.7,24100.0,506.45,2.1,17.79,-0.68,0.83,24100.0,26000;25000;25500,23000;24000;22500,21537295.0,397735.0,6040388063095.75
2026-04-28,BANKNIFTY,2026-04-28,0,55400.35,55400.0,24.3,0.04,1.46,-0.43,0.69,55500.0,55400;55500;55800,55400;55300;55500,2656410.0,212610.0,139253793422184.0
2026-04-28,BANKNIFTY,2026-05-26,28,55400.35,55400.0,2447.6,4.42,19.95,-0.92,0.95,57000.0,60000;56000;57000,60000;56000;50000,2656410.0,212610.0,1180687338247.5
2026-04-28,NIFTY,2026-04-28,0,23995.7,24000.0,16.55,0.07,2.33,1.35,0.79,24000.0,24000;24100;25000,23950;24000;23500,21966360.0,429065.0,530928362141466.3
2026-04-28,NIFTY,2026-05-05,7,23995.7,24000.0,426.2,1.78,16.06,1.77,0.79,24100.0,25000;26000;25500,23000;24000;22000,21966360.0,429065.0,13079104390703.0
2026-04-29,BANKNIFTY,2026-05-26,27,55403.6,55400.0,2314.55,4.18,19.21,0.68,0.91,56600.0,60000;56000;57000,60000;56000;50000,2117460.0,29040.0,3014558459206.5
2026-04-29,BANKNIFTY,2026-06-30,62,55403.6,55400.0,3521.35,6.36,19.23,-5.39,1.32,57500.0,60000;63000;57000,60000;54000;57000,2117460.0,29040.0,56651741328.0
2026-04-29,NIFTY,2026-05-05,6,24177.65,24200.0,377.4,1.56,15.26,0.58,0.93,24200.0,25000;24500;26000,23000;24000;22500,15698540.0,14560.0,68146519419342.0
2026-04-29,NIFTY,2026-05-12,13,24177.65,24200.0,594.0,2.46,16.3,1.77,0.98,24200.0,24200;26000;25000,23000;24000;24200,15698540.0,14560.0,1642256966431.25
2026-04-30,BANKNIFTY,2026-05-26,26,54863.35,54900.0,2385.75,4.35,20.4,-0.91,0.88,56500.0,60000;56000;58000,60000;56000;50000,2233410.0,115950.0,2687906147041.5
2026-04-30,BANKNIFTY,2026-06-30,61,54863.35,54900.0,3431.05,6.25,19.1,1.13,1.27,57100.0,60000;63000;57000,60000;54000;57000,2233410.0,115950.0,51825619902.0
2026-04-30,NIFTY,2026-05-05,5,23997.55,24000.0,367.9,1.53,16.4,-2.21,0.87,24050.0,25000;25500;24500,23000;22000;24000,16707535.0,1008995.0,73064101519490.25
2026-04-30,NIFTY,2026-05-12,12,23997.55,24000.0,602.55,2.51,17.33,-0.8,0.89,24100.0,25000;24500;24600,23500;24000;23000,16707535.0,1008995.0,2664437976677.75
2026-05-04,BANKNIFTY,2026-05-26,22,54878.5,54900.0,2216.85,4.04,20.6,-0.92,0.85,56100.0,60000;56000;58000,60000;56000;50000,2339820.0,106410.0,2787704441238.0
2026-05-04,BANKNIFTY,2026-06-30,57,54878.5,54900.0,3251.05,5.92,18.7,1.7,1.17,57000.0,60000;63000;57000,60000;54000;57000,2339820.0,106410.0,57578945140.5
2026-05-04,NIFTY,2026-05-05,1,24119.3,24100.0,223.3,0.93,22.1,-6.61,0.62,24100.0,25000;24500;24300,23500;24000;23000,17341155.0,633620.0,263403178114508.25
2026-05-04,NIFTY,2026-05-12,8,24119.3,24100.0,520.45,2.16,18.22,-1.3,0.91,24200.0,26000;25000;24500,21500;23000;21200,17341155.0,633620.0,7223770272631.25
2026-05-05,BANKNIFTY,2026-05-26,21,54547.05,54500.0,2122.2,3.89,20.27,-0.93,0.83,56000.0,60000;56000;58000,60000;50000;56000,2459310.0,119490.0,2853228815878.5
2026-05-05,BANKNIFTY,2026-06-30,56,54547.05,54500.0,3243.7,5.95,18.91,1.78,1.15,57000.0,60000;63000;57000,60000;54000;50000,2459310.0,119490.0,63782375233.5
2026-05-05,NIFTY,2026-05-05,0,24032.8,24050.0,27.8,0.12,3.3,4.06,0.88,24050.0,24050;24100;25000,24000;23950;23900,17856085.0,514930.0,675044748741681.5
2026-05-05,NIFTY,2026-05-12,7,24032.8,24050.0,418.0,1.74,15.74,-1.05,0.95,24050.0,26000;24500;25000,24000;23000;21500,17856085.0,514930.0,15061656253748.0
2026-05-06,BANKNIFTY,2026-05-26,20,55981.05,56000.0,1889.85,3.38,18.05,-3.07,0.93,56200.0,60000;58000;56000,60000;56000;55000,2478420.0,19110.0,4739734413888.0
2026-05-06,BANKNIFTY,2026-06-30,55,55981.05,56000.0,2992.8,5.35,17.15,0.52,1.16,57000.0,60000;63000;57000,54000;60000;57000,2478420.0,19110.0,146970515116.5
2026-05-06,NIFTY,2026-05-12,6,24330.95,24350.0,391.7,1.61,15.74,-5.0,1.18,24250.0,25000;24500;25500,23000;24000;23500,18340855.0,484770.0,89867970651186.0
2026-05-06,NIFTY,2026-05-19,13,24330.95,24350.0,569.0,2.34,15.52,-2.72,0.96,24200.0,25500;25000;26000,22500;21500;23000,18340855.0,484770.0,2020535328526.0
2026-05-07,BANKNIFTY,2026-05-26,19,56047.4,56000.0,1872.65,3.34,18.29,-0.86,0.91,56300.0,60000;58000;56000,60000;56000;55000,2489220.0,10800.0,3291940129630.5
2026-05-07,BANKNIFTY,2026-06-30,54,56047.4,56000.0,2957.05,5.28,17.04,1.68,1.15,57000.0,60000;63000;57000,54000;60000;57000,2489220.0,10800.0,68394789057.0
2026-05-07,NIFTY,2026-05-12,5,24326.65,24350.0,341.05,1.4,15.02,-0.97,1.01,24300.0,25000;24500;25500,23500;24000;23000,18858320.0,517465.0,75701078556649.0
2026-05-07,NIFTY,2026-05-19,12,24326.65,24350.0,535.25,2.2,15.2,0.15,1.1,24300.0,25000;25500;24400,22500;23000;23400,18858320.0,517465.0,2158488897938.75
2026-05-08,BANKNIFTY,2026-05-26,18,55310.55,55300.0,1870.7,3.38,19.06,-0.63,0.83,56000.0,60000;58000;56000,60000;56000;50000,2659080.0,169860.0,3530605810362.0
2026-05-08,BANKNIFTY,2026-06-30,53,55310.55,55300.0,3041.85,5.5,17.98,1.66,1.15,57000.0,60000;63000;57000,54000;60000;57000,2659080.0,169860.0,70670562892.5
2026-05-08,NIFTY,2026-05-12,4,24176.15,24200.0,291.3,1.2,14.42,-2.48,0.8,24200.0,25500;24500;25000,23500;23000;24000,19210165.0,351845.0,124371298486149.0
2026-05-08,NIFTY,2026-05-19,11,24176.15,24200.0,519.45,2.15,15.5,-0.41,1.01,24200.0,25000;26000;25500,22500;23000;21500,19210165.0,351845.0,2628576189050.5
2026-05-11,BANKNIFTY,2026-05-26,15,54439.9,54400.0,1928.5,3.54,21.87,-0.2,0.78,56000.0,60000;56000;58000,60000;56000;50000,2672970.0,13890.0,4060382896497.0
2026-05-11,BANKNIFTY,2026-06-30,50,54439.9,54400.0,3190.3,5.86,19.76,1.77,1.16,57000.0,60000;63000;57000,54000;50000;60000,2672970.0,13890.0,109963568248.5
2026-05-11,NIFTY,2026-05-12,1,23815.85,23800.0,205.75,0.86,20.63,-7.66,0.57,23900.0,25000;24500;24000,23500;23000;23800,20199075.0,988910.0,205874402905148.25
2026-05-11,NIFTY,2026-05-19,8,23815.85,23800.0,510.55,2.14,18.11,-1.26,0.81,24000.0,26000;25000;24500,22500;22000;23000,20199075.0,988910.0,6095455903706.0
2026-05-12,BANKNIFTY,2026-05-26,14,53555.2,53600.0,1927.9,3.6,23.04,-0.5,0.7,55700.0,60000;56000;58000,60000;56000;50000,2784720.0,111750.0,3765876280231.5
2026-05-12,BANKNIFTY,2026-06-30,49,53555.2,53600.0,3249.85,6.07,20.72,1.74,1.14,56500.0,60000;63000;57000,54000;50000;60000,2784720.0,111750.0,123878924553.0
2026-05-12,NIFTY,2026-05-12,0,23379.55,23400.0,24.0,0.1,2.69,-0.24,0.51,23450.0,23400;23500;23600,23350;23400;23000,21946730.0,1747655.0,608565847271060.2
2026-05-12,NIFTY,2026-05-19,7,23379.55,23400.0,478.4,2.05,18.52,-1.62,0.71,23650.0,24000;25000;26000,23000;22000;22500,21946730.0,1747655.0,14241712796834.25
2026-05-13,BANKNIFTY,2026-05-26,13,53456.15,53500.0,1874.5,3.51,23.3,-0.87,0.71,55500.0,60000;58000;56000,60000;56000;54000,2816940.0,32220.0,4597008609256.5
2026-05-13,BANKNIFTY,2026-06-30,48,53456.15,53500.0,3236.95,6.06,20.89,1.6,1.07,56000.0,60000;63000;57000,54000;60000;48000,2816940.0,32220.0,133878002935.5
2026-05-13,NIFTY,2026-05-19,6,23412.6,23400.0,446.2,1.91,18.6,-1.66,0.81,23500.0,25000;24000;24500,22000;23000;22500,21815690.0,-131040.0,73496983719688.75
2026-05-13,NIFTY,2026-05-26,13,23412.6,23400.0,672.45,2.87,19.04,0.07,0.96,24000.0,24000;24500;25000,23000;24000;22500,21815690.0,-131040.0,3703957346573.25
2026-05-14,BANKNIFTY,2026-05-26,12,54128.95,54100.0,1676.8,3.1,21.39,1.14,0.79,55700.0,60000;58000;56000,60000;54000;50000,2760450.0,-56490.0,4896579665754.0
2026-05-14,BANKNIFTY,2026-06-30,47,54128.95,54100.0,3071.7,5.67,19.74,2.42,1.06,56000.0,60000;63000;56000,54000;60000;48000,2760450.0,-56490.0,144179089392.0
2026-05-14,NIFTY,2026-05-19,5,23689.6,23700.0,347.9,1.47,15.73,1.47,1.23,23700.0,24500;25000;24000,22000;22500;23000,21145475.0,-670215.0,72680392102262.75
2026-05-14,NIFTY,2026-05-26,12,23689.6,23700.0,593.65,2.51,17.31,1.98,1.0,24000.0,24000;24500;25000,23000;23500;24000,21145475.0,-670215.0,4390030308004.25
2026-05-15,BANKNIFTY,2026-05-26,11,53710.35,53700.0,1646.5,3.07,22.12,-0.48,0.77,55500.0,60000;58000;56000,60000;54000;50000,2766180.0,5730.0,4778170944948.0
2026-05-15,BANKNIFTY,2026-06-30,46,53710.35,53700.0,3080.7,5.74,20.18,1.29,0.74,56000.0,60000;59000;58000,60000;54000;48000,2766180.0,5730.0,308866965679.5
2026-05-15,NIFTY,2026-05-19,4,23643.5,23650.0,317.05,1.34,16.05,2.84,0.93,23700.0,24500;24000;25000,23000;22000;23500,20950995.0,-194480.0,144253385631420.0
2026-05-15,NIFTY,2026-05-26,11,23643.5,23650.0,581.3,2.46,17.74,2.82,1.02,24000.0,24500;24000;25000,23000;22000;22500,20950995.0,-194480.0,5022509121496.75
2026-05-18,BANKNIFTY,2026-05-26,8,53537.0,53500.0,1564.2,2.92,24.72,-2.56,0.8,55200.0,60000;58000;56000,53000;60000;50000,2780730.0,14550.0,5770785972582.0
2026-05-18,BANKNIFTY,2026-06-30,43,53537.0,53500.0,3109.15,5.81,21.14,0.61,0.79,56000.0,60000;57000;59000,60000;54000;50000,2780730.0,14550.0,349332750280.5
2026-05-18,NIFTY,2026-05-19,1,23649.95,23650.0,218.55,0.92,22.12,2.99,1.34,23600.0,24000;24500;23800,23000;23400;22500,20271680.0,-679315.0,241236978301306.0
2026-05-18,NIFTY,2026-05-26,8,23649.95,23650.0,537.8,2.27,19.24,2.18,1.05,24000.0,24000;24500;25000,23000;22000;22500,20271680.0,-679315.0,9101839724402.75
2026-05-19,BANKNIFTY,2026-05-26,7,53409.15,53400.0,1316.3,2.46,22.3,-0.32,0.76,55000.0,60000;56000;58000,50000;53000;60000,2829270.0,48540.0,4571481580257.0
2026-05-19,BANKNIFTY,2026-06-30,42,53409.15,53400.0,2966.45,5.55,20.46,1.63,0.82,56000.0,60000;55000;57000,60000;54000;53000,2829270.0,48540.0,259790492058.0
2026-05-19,NIFTY,2026-05-19,0,23618.0,23600.0,27.5,0.12,3.0,-2.14,0.86,23650.0,23650;23700;23750,23600;23500;23650,20349550.0,77870.0,625077909413327.5
2026-05-19,NIFTY,2026-05-26,7,23618.0,23600.0,441.75,1.87,16.88,3.03,1.03,23850.0,24000;25000;24500,23000;22500;22000,20349550.0,77870.0,15990428373065.25
2026-05-20,BANKNIFTY,2026-05-26,6,53562.2,53600.0,1160.7,2.17,21.18,-3.91,0.79,54700.0,60000;56000;58000,53000;50000;52000,2856240.0,26970.0,7731726405390.0
2026-05-20,BANKNIFTY,2026-06-30,41,53562.2,53600.0,2899.45,5.41,20.2,0.31,0.86,56500.0,60000;57000;58000,60000;54000;53000,2856240.0,26970.0,375263554518.0
2026-05-20,NIFTY,2026-05-26,6,23659.0,23650.0,407.75,1.72,16.81,2.03,1.27,23750.0,24500;24000;25000,22500;22000;23000,20444970.0,95420.0,65897137883391.75
2026-05-20,NIFTY,2026-06-02,13,23659.0,23650.0,605.0,2.56,16.93,1.93,0.8,23700.0,25500;24000;24500,22000;23500;23000,20444970.0,95420.0,1541628083788.0
2026-05-21,BANKNIFTY,2026-05-26,5,53439.4,53400.0,968.1,1.81,19.37,-1.77,0.68,54100.0,60000;56000;58000,53000;54000;50000,2936880.0,80640.0,8748456718396.5
2026-05-21,BANKNIFTY,2026-06-30,40,53439.4,53400.0,2803.25,5.25,19.78,1.49,0.89,56000.0,60000;54000;57000,60000;54000;53000,2936880.0,80640.0,413729290233.0
2026-05-21,NIFTY,2026-05-26,5,23654.7,23650.0,342.8,1.45,15.5,3.75,0.94,23700.0,25000;24000;24500,22500;23000;22000,21288735.0,843765.0,71409661847491.5
2026-05-21,NIFTY,2026-06-02,12,23654.7,23650.0,549.05,2.32,16.0,2.99,0.83,23700.0,25500;24000;24500,22000;21100;23000,21288735.0,843765.0,2368791618095.5
2026-05-22,BANKNIFTY,2026-05-26,4,54055.35,54100.0,762.7,1.41,16.9,-5.67,0.74,54400.0,56000;60000;55000,54000;50000;53000,3017130.0,80250.0,13782774837700.5
2026-05-22,BANKNIFTY,2026-06-30,39,54055.35,54100.0,2650.75,4.9,18.76,-0.17,0.94,56000.0,60000;54000;55000,60000;54000;53000,3017130.0,80250.0,582942322687.5
2026-05-22,NIFTY,2026-05-26,4,23719.3,23700.0,282.95,1.19,14.21,0.46,1.02,23800.0,24000;25000;24500,23000;22500;23500,21157240.0,-131495.0,113402223990064.77
2026-05-22,NIFTY,2026-06-02,11,23719.3,23700.0,492.6,2.08,14.92,0.74,0.98,23700.0,25500;24000;24500,22500;22000;23000,21157240.0,-131495.0,3434287803189.75
2026-05-25,BANKNIFTY,2026-05-26,1,55293.65,55300.0,495.45,0.9,21.46,-8.34,1.0,55100.0,56000;60000;56500,54000;55000;53000,3156630.0,139500.0,24612030949930.5
2026-05-25,BANKNIFTY,2026-06-30,36,55293.65,55300.0,2453.05,4.44,17.63,0.15,0.96,56000.0,60000;54000;56000,60000;54000;55000,3156630.0,139500.0,930006553399.5
2026-05-25,NIFTY,2026-05-26,1,24031.7,24050.0,167.75,0.7,16.67,-4.02,1.3,24000.0,25000;24500;24000,24000;23000;23500,20835490.0,-321750.0,154375292018203.75
2026-05-25,NIFTY,2026-06-02,8,24031.7,24050.0,417.3,1.74,14.7,-0.5,1.14,24000.0,25000;25500;24500,23000;22000;23500,20835490.0,-321750.0,7004493159378.0
2026-05-26,BANKNIFTY,2026-05-26,0,55092.9,55100.0,29.45,0.05,1.81,0.92,0.74,55100.0,55100;56000;55200,55000;55100;54000,3355740.0,199110.0,145852352302291.5
2026-05-26,BANKNIFTY,2026-06-30,35,55092.9,55100.0,2409.7,4.37,17.64,0.4,0.99,56000.0,60000;54000;55000,60000;54000;55000,3355740.0,199110.0,1129470079209.0
2026-05-26,NIFTY,2026-05-26,0,23913.7,23900.0,17.2,0.07,1.8,1.61,0.9,23900.0,23950;24000;23900,23900;23000;23500,22071985.0,1236495.0,472805000307822.0
2026-05-26,NIFTY,2026-06-02,7,23913.7,23900.0,371.85,1.55,14.02,0.11,0.93,24000.0,24000;25000;25500,23000;22000;24000,22071985.0,1236495.0,14310224764452.5
2026-05-27,BANKNIFTY,2026-06-30,34,54853.85,54900.0,2277.95,4.15,17.0,0.04,0.98,55500.0,60000;54000;55000,60000;54000;55000,2602800.0,74550.0,2405958963390.0
2026-05-27,BANKNIFTY,2026-07-28,62,54853.85,54900.0,3130.1,5.71,17.24,0.01,1.04,55500.0,60000;57000;56000,50000;52000;48000,2602800.0,74550.0,33319182081.0
2026-05-27,NIFTY,2026-06-02,6,23907.15,23900.0,305.25,1.28,12.44,-1.61,0.86,23950.0,25000;24000;24500,23000;23200;23900,15870985.0,425815.0,58988643580662.25
2026-05-27,NIFTY,2026-06-09,13,23907.15,23900.0,478.85,2.0,13.24,-0.41,1.37,23900.0,24000;25000;24500,22000;23000;23500,15870985.0,425815.0,1704844658692.5
2026-05-29,BANKNIFTY,2026-06-30,32,54239.2,54200.0,2362.8,4.36,18.36,-3.12,0.94,55500.0,60000;55000;54000,60000;54000;55000,2681250.0,78450.0,3275399919757.5
2026-05-29,BANKNIFTY,2026-07-28,60,54239.2,54200.0,3247.3,5.99,18.38,-2.19,1.06,55500.0,60000;57000;58000,50000;54000;55000,2681250.0,78450.0,49010934030.0
2026-05-29,NIFTY,2026-06-02,4,23547.75,23550.0,325.85,1.38,16.56,-16.05,0.53,23800.0,24000;25000;24200,23000;23200;23500,18557370.0,2686385.0,151111161633220.75
2026-05-29,NIFTY,2026-06-09,11,23547.75,23550.0,530.5,2.25,16.24,-9.05,1.12,23800.0,24000;25000;23700,22000;23700;23000,18557370.0,2686385.0,4106618570219.75
2026-06-01,BANKNIFTY,2026-06-30,29,53643.1,53600.0,2298.8,4.29,18.98,-0.65,0.86,55000.0,60000;55000;54000,60000;54000;55000,2780400.0,99150.0,3216130911064.5
2026-06-01,BANKNIFTY,2026-07-28,57,53643.1,53600.0,3125.5,5.83,18.35,-0.26,0.41,55500.0,60000;61000;58000,50000;54000;52000,2780400.0,99150.0,147595742640.0
2026-06-01,NIFTY,2026-06-02,1,23382.6,23400.0,182.3,0.78,18.63,-8.78,0.49,23500.0,24000;25000;24500,23000;23200;23400,19309875.0,752505.0,229486052690979.5
2026-06-01,NIFTY,2026-06-09,8,23382.6,23400.0,447.05,1.91,16.19,-3.59,0.86,23650.0,24000;25500;25000,22000;22500;23000,19309875.0,752505.0,7725195769339.75
2026-06-02,BANKNIFTY,2026-06-30,28,53714.65,53700.0,2220.4,4.13,18.65,-2.09,0.87,55000.0,60000;54000;55000,60000;54000;50000,2714550.0,-65850.0,2974360732087.5
2026-06-02,BANKNIFTY,2026-07-28,56,53714.65,53700.0,3053.5,5.68,18.08,-1.61,0.44,55400.0,60000;61000;57000,50000;53000;54000,2714550.0,-65850.0,67053079824.0
2026-06-02,NIFTY,2026-06-02,0,23483.55,23500.0,22.2,0.09,2.58,2.47,1.07,23500.0,23500;24000;23550,23450;23400;23500,19204185.0,-105690.0,753277845423028.2
2026-06-02,NIFTY,2026-06-09,7,23483.55,23500.0,367.7,1.57,14.17,-5.26,0.95,23500.0,24000;23500;25000,23300;22000;23000,19204185.0,-105690.0,17699228437900.75
2026-06-03,BANKNIFTY,2026-06-30,27,54185.95,54200.0,2266.7,4.18,19.24,-1.08,0.92,55000.0,60000;54000;55000,60000;54000;50000,2706630.0,-7920.0,3941302129245.0
2026-06-03,BANKNIFTY,2026-07-28,55,54185.95,54200.0,3114.5,5.75,18.46,-0.49,0.46,55500.0,60000;61000;59000,53000;50000;54000,2706630.0,-7920.0,98700222192.0
2026-06-03,NIFTY,2026-06-09,6,23405.6,23400.0,397.4,1.7,16.58,-5.71,0.98,23500.0,24000;23500;25000,22000;21100;23300,20962955.0,1758770.0,91655836970145.5
2026-06-03,NIFTY,2026-06-16,13,23405.6,23400.0,560.5,2.39,15.86,-3.29,0.85,23500.0,24000;25000;23500,23300;22000;23500,20962955.0,1758770.0,1965310795844.5
2026-06-04,BANKNIFTY,2026-06-30,26,54307.85,54300.0,2185.45,4.02,18.85,-0.44,0.92,55000.0,60000;54000;55000,54000;60000;50000,2676120.0,-30510.0,2781613449984.0
2026-06-04,BANKNIFTY,2026-07-28,54,54307.85,54300.0,3035.5,5.59,18.1,-0.53,0.46,55300.0,60000;61000;59000,53000;50000;54000,2676120.0,-30510.0,42658406817.0
2026-06-04,NIFTY,2026-06-09,5,23416.55,23400.0,320.05,1.37,14.58,-3.56,0.96,23450.0,24000;25000;24500,22500;23000;22000,21673730.0,710775.0,74834620217591.0
2026-06-04,NIFTY,2026-06-16,12,23416.55,23400.0,504.45,2.15,14.82,-2.42,0.96,23500.0,24000;23500;24500,22700;22000;23500,21673730.0,710775.0,1853679352193.5
2026-06-05,BANKNIFTY,2026-06-30,25,54496.25,54500.0,2128.8,3.91,18.66,-0.13,0.92,55000.0,60000;54000;55000,54000;60000;55000,2710200.0,34080.0,4401119014641.0
2026-06-05,BANKNIFTY,2026-07-28,53,54496.25,54500.0,3020.15,5.54,18.13,-0.18,0.46,55000.0,60000;59000;58000,50000;53000;54000,2710200.0,34080.0,94917879805.5
2026-06-05,NIFTY,2026-06-09,4,23366.7,23350.0,280.3,1.2,14.3,-3.26,0.7,23450.0,24000;25000;23500,22500;23000;23300,21565960.0,-107770.0,174097913786862.0
2026-06-05,NIFTY,2026-06-16,11,23366.7,23350.0,490.45,2.1,15.09,-1.98,0.98,23500.0,24000;23500;24500,21200;22700;22000,21565960.0,-107770.0,3206700625261.25
2026-06-08,BANKNIFTY,2026-06-30,22,54063.75,54100.0,2173.9,4.02,20.52,0.45,0.91,55000.0,60000;54000;55000,54000;60000;50000,2690520.0,-19680.0,3153312269947.5
2026-06-08,BANKNIFTY,2026-07-28,50,54063.75,54100.0,3074.35,5.69,19.2,0.29,0.47,55000.0,60000;56000;59000,53000;50000;52000,2690520.0,-19680.0,64068832636.5
2026-06-08,NIFTY,2026-06-09,1,23123.0,23100.0,196.2,0.85,20.2,-0.52,0.64,23200.0,24000;23500;23700,22500;23000;23100,21747440.0,181480.0,197919507059433.25
2026-06-08,NIFTY,2026-06-16,8,23123.0,23100.0,470.05,2.03,17.14,-0.39,0.84,23300.0,24000;25000;23500,22000;21200;23200,21747440.0,181480.0,6379587257410.25
2026-06-09,BANKNIFTY,2026-06-30,21,55194.5,55200.0,1994.05,3.61,18.84,1.05,1.0,55000.0,60000;55000;54000,54000;60000;55000,2604900.0,-85620.0,3872000874721.5
2026-06-09,BANKNIFTY,2026-07-28,49,55194.5,55200.0,2961.75,5.37,18.27,0.54,0.53,56000.0,60000;61000;58000,60000;53000;50000,2604900.0,-85620.0,113907727866.0
2026-06-09,NIFTY,2026-06-09,0,23242.1,23250.0,10.1,0.04,1.48,-0.95,0.83,23250.0,23250;23300;24000,23200;23250;23150,21630895.0,-116545.0,603432306189787.8
2026-06-09,NIFTY,2026-06-16,7,23242.1,23250.0,368.75,1.59,14.34,-3.53,1.06,23300.0,24000;23500;25000,21200;22000;23200,21630895.0,-116545.0,14894797495246.5
2026-06-10,BANKNIFTY,2026-06-30,20,55100.3,55100.0,1921.4,3.49,18.63,2.85,0.98,55000.0,60000;54000;55000,54000;60000;55000,2627430.0,22530.0,3353789197926.0
2026-06-10,BANKNIFTY,2026-07-28,48,55100.3,55100.0,2886.7,5.24,18.02,1.47,0.62,57000.0,60000;61000;58000,60000;53000;50000,2627430.0,22530.0,138554370987.0
2026-06-10,NIFTY,2026-06-16,6,23214.95,23200.0,346.8,1.49,14.55,1.06,0.82,23300.0,24000;23500;24500,21200;22000;22500,21358870.0,-272025.0,69387564437304.75
2026-06-10,NIFTY,2026-06-23,13,23214.95,23200.0,518.95,2.24,14.78,2.25,0.91,23400.0,24000;23400;23600,23000;22700;22000,21358870.0,-272025.0,1344812263245.75
2026-06-11,BANKNIFTY,2026-06-30,19,55176.75,55200.0,1870.6,3.39,18.6,2.48,0.97,55000.0,60000;54000;56000,54000;55000;60000,2629350.0,1920.0,3515122716421.5
2026-06-11,BANKNIFTY,2026-07-28,47,55176.75,55200.0,2865.7,5.19,18.06,1.03,0.71,58000.0,60000;61000;58000,60000;53000;55000,2629350.0,1920.0,114428162890.5
2026-06-11,NIFTY,2026-06-16,5,23161.6,23150.0,300.9,1.3,13.86,1.17,0.92,23200.0,24000;23500;24500,21200;22000;23000,21075015.0,-283855.0,71768165950006.5
2026-06-11,NIFTY,2026-06-23,12,23161.6,23150.0,487.95,2.11,14.5,2.26,0.93,23300.0,23500;24000;23600,23000;21200;22700,21075015.0,-283855.0,1724389689025.25
2026-06-12,BANKNIFTY,2026-06-30,18,56814.8,56800.0,1702.7,3.0,16.86,3.02,1.1,55500.0,60000;56000;54000,54000;55000;56000,2668950.0,39600.0,5830790723740.5
2026-06-12,BANKNIFTY,2026-07-28,46,56814.8,56800.0,2649.25,4.66,16.34,1.22,0.79,58500.0,60000;61000;58000,60000;53000;54000,2668950.0,39600.0,267377346529.5
2026-06-12,NIFTY,2026-06-16,4,23622.9,23600.0,282.55,1.2,14.24,-0.97,1.74,23500.0,24000;24500;23800,22500;23000;22000,20610460.0,-464555.0,165276130258723.25
2026-06-12,NIFTY,2026-06-23,11,23622.9,23600.0,456.55,1.93,13.86,0.76,0.96,23500.0,25000;24500;24000,23000;23500;23400,20610460.0,-464555.0,4698024761566.5
2026-06-15,BANKNIFTY,2026-06-30,15,57198.8,57200.0,1523.55,2.66,16.44,2.19,1.04,56000.0,60000;54000;58000,54000;55000;56000,2582610.0,-86340.0,4534292715108.0
2026-06-15,BANKNIFTY,2026-07-28,43,57198.8,57200.0,2447.85,4.28,15.51,0.98,0.84,59000.0,60000;61000;59000,60000;54000;57000,2582610.0,-86340.0,251440182115.5
2026-06-15,NIFTY,2026-06-16,1,23853.9,23850.0,171.85,0.72,17.24,-2.86,0.95,23800.0,24000;24500;25000,23500;23000;23400,20351825.0,-258635.0,219595993417040.5
2026-06-15,NIFTY,2026-06-23,8,23853.9,23850.0,397.2,1.67,14.07,0.01,0.84,23800.0,25000;24000;24500,23500;23400;23000,20351825.0,-258635.0,8118465239680.25
2026-06-16,BANKNIFTY,2026-06-30,14,57297.15,57300.0,1360.25,2.37,15.15,3.04,1.06,56000.0,60000;54000;58000,54000;55000;56000,2502510.0,-80100.0,3303570961257.0
2026-06-16,BANKNIFTY,2026-07-28,42,57297.15,57300.0,2310.9,4.03,14.77,0.97,0.86,59000.0,60000;59000;61000,60000;54000;58000,2502510.0,-80100.0,141783583594.5
2026-06-16,NIFTY,2026-06-16,0,23989.15,24000.0,16.6,0.07,2.1,1.31,1.14,23950.0,24000;24050;24500,23950;23900;24000,19725615.0,-626210.0,527545491088154.5
2026-06-16,NIFTY,2026-06-23,7,23989.15,24000.0,325.75,1.36,12.28,2.9,1.03,23900.0,24000;25000;24500,24000;22000;22500,19725615.0,-626210.0,12766074978520.5
2026-06-17,BANKNIFTY,2026-06-30,13,57585.05,57600.0,1251.45,2.17,14.4,3.1,1.09,56200.0,60000;58000;54000,54000;55000;56000,2401530.0,-100980.0,3674280842587.5
2026-06-17,BANKNIFTY,2026-07-28,41,57585.05,57600.0,2222.6,3.86,14.31,1.1,0.83,58500.0,60000;59000;61000,60000;58000;54000,2401530.0,-100980.0,144065886928.5
2026-06-17,NIFTY,2026-06-23,6,24085.7,24100.0,300.15,1.25,12.18,2.91,1.07,24000.0,25000;24500;24000,24000;23000;23300,19445335.0,-280280.0,55480670395471.75
2026-06-17,NIFTY,2026-06-30,13,24085.7,24100.0,429.2,1.78,11.8,2.73,1.06,24000.0,25000;24000;26000,24000;23500;23000,19445335.0,-280280.0,2996607351988.25
2026-06-18,BANKNIFTY,2026-06-30,12,57963.8,58000.0,1068.7,1.84,12.72,2.9,1.15,56800.0,60000;58000;54000,54000;55000;57000,2443680.0,42150.0,4659858376869.0
2026-06-18,BANKNIFTY,2026-07-28,40,57963.8,58000.0,2074.4,3.58,13.43,1.12,0.84,58500.0,60000;59000;58000,60000;58000;56000,2443680.0,42150.0,225898311763.5
2026-06-18,NIFTY,2026-06-23,5,24168.0,24150.0,226.0,0.94,9.91,1.85,1.12,24100.0,24500;25000;24200,24000;23000;23500,19224790.0,-220545.0,66493579204854.75
2026-06-18,NIFTY,2026-06-30,12,24168.0,24150.0,374.95,1.55,10.6,1.93,1.08,24050.0,25000;24000;26000,24000;23500;23000,19224790.0,-220545.0,4670776721029.25
2026-06-19,BANKNIFTY,2026-06-30,11,57685.75,57700.0,1033.35,1.79,12.9,-1.2,1.07,56900.0,60000;58000;54000,54000;55000;56000,2475900.0,32220.0,5156935655625.0
2026-06-19,BANKNIFTY,2026-07-28,39,57685.75,57700.0,2134.5,3.7,14.07,-1.17,0.84,58500.0,60000;59000;58000,60000;58000;56000,2475900.0,32220.0,217169311107.0
2026-06-19,NIFTY,2026-06-23,4,24013.1,24000.0,203.95,0.85,10.09,-0.05,0.78,24000.0,25000;24500;24000,23500;24000;23000,19645600.0,420810.0,133808167383046.0
2026-06-19,NIFTY,2026-06-30,11,24013.1,24000.0,372.0,1.55,11.1,0.17,1.02,24000.0,25000;24000;24500,24000;23500;23000,19645600.0,420810.0,6577733797469.25
2026-06-22,BANKNIFTY,2026-06-30,8,57935.6,57900.0,863.95,1.49,12.55,0.14,1.11,57000.0,60000;58000;59000,54000;56000;55000,2374800.0,-101100.0,4667504901678.0
2026-06-22,BANKNIFTY,2026-07-28,36,57935.6,57900.0,2027.6,3.5,13.81,-0.16,0.81,58500.0,60000;59000;58000,60000;56000;58000,2374800.0,-101100.0,184755804559.5
2026-06-22,NIFTY,2026-06-23,1,24102.9,24100.0,129.05,0.54,12.81,-2.1,0.87,24100.0,24200;24100;24300,24000;24100;23900,19353165.0,-292435.0,144114315442090.5
2026-06-22,NIFTY,2026-06-30,8,24102.9,24100.0,314.65,1.31,11.0,0.83,1.0,24100.0,25000;24000;24500,24000;23500;23000,19353165.0,-292435.0,8023047926442.25
2026-06-23,BANKNIFTY,2026-06-30,7,57183.75,57200.0,901.35,1.58,14.25,0.2,0.88,57000.0,58000;60000;57500,54000;55000;55500,2434680.0,59880.0,8149734594898.5
2026-06-23,BANKNIFTY,2026-07-28,35,57183.75,57200.0,2151.5,3.76,15.14,-1.09,0.81,58100.0,60000;59000;58000,60000;58000;56000,2434680.0,59880.0,382536700329.0
2026-06-23,NIFTY,2026-06-23,0,23824.1,23800.0,37.85,0.16,4.24,-3.2,0.58,23850.0,23850;23900;23950,23800;23850;23750,20072650.0,719485.0,664982068947592.5
2026-06-23,NIFTY,2026-06-30,7,23824.1,23800.0,328.0,1.38,12.36,0.4,0.78,24000.0,25000;24000;24500,24000;23500;23000,20072650.0,719485.0,24620369977914.75
2026-06-24,BANKNIFTY,2026-06-30,6,58150.35,58200.0,756.45,1.3,12.72,1.65,1.2,57400.0,60000;58000;59000,54000;56000;58000,2566200.0,131520.0,10896336934174.5
2026-06-24,BANKNIFTY,2026-07-28,34,58150.35,58200.0,2056.4,3.54,14.44,0.05,0.8,58400.0,60000;59000;58000,60000;58000;57000,2566200.0,131520.0,556731824743.5
2026-06-24,NIFTY,2026-06-30,6,24021.65,24000.0,284.05,1.18,11.46,0.12,1.21,24000.0,25000;24500;24000,24000;23500;23000,20197385.0,124735.0,80401202240651.5
2026-06-24,NIFTY,2026-07-07,13,24021.65,24000.0,448.55,1.87,12.29,0.82,0.98,24000.0,24500;25000;24000,24000;23500;23800,20197385.0,124735.0,2082476103350.5
2026-06-25,BANKNIFTY,2026-06-30,5,58177.05,58200.0,591.6,1.02,10.88,-0.1,1.18,57500.0,60000;59000;58500,54000;56000;58000,2691240.0,125040.0,10638416639709.0
2026-06-25,BANKNIFTY,2026-07-28,33,58177.05,58200.0,2018.75,3.47,14.37,-0.56,0.79,58500.0,60000;59000;58000,60000;58000;57000,2691240.0,125040.0,675064320318.0
2026-06-25,NIFTY,2026-06-30,5,24056.0,24050.0,214.3,0.89,9.49,-1.18,1.02,24100.0,25000;24500;24200,24000;23500;23000,20097480.0,-99905.0,81616429085902.75
2026-06-25,NIFTY,2026-07-07,12,24056.0,24050.0,390.75,1.62,11.16,0.09,0.9,24100.0,24500;25000;24200,24000;23500;23000,20097480.0,-99905.0,3671428124734.5
2026-06-29,BANKNIFTY,2026-06-30,1,57727.35,57700.0,476.55,0.83,19.73,-4.74,0.98,57500.0,60000;58000;59000,54000;58000;56000,2880600.0,189360.0,35937979363030.5
2026-06-29,BANKNIFTY,2026-07-28,29,57727.35,57700.0,2037.45,3.53,15.6,-1.25,0.85,58500.0,60000;58000;59000,60000;58000;57000,2880600.0,189360.0,797571822160.5
2026-06-29,NIFTY,2026-06-30,1,23946.25,23950.0,158.8,0.66,15.88,-3.13,0.77,24000.0,25000;24000;24100,23500;24000;23800,20838220.0,740740.0,215156407813142.25
2026-06-29,NIFTY,2026-07-07,8,23946.25,23950.0,373.2,1.56,13.17,-0.1,0.78,24000.0,24500;24000;25000,24000;23500;23400,20838220.0,740740.0,7238821472509.25
2026-06-30,BANKNIFTY,2026-06-30,0,57542.9,57500.0,50.45,0.09,2.41,2.82,0.81,57600.0,57600;58000;57700,57500;57600;57400,3048450.0,167850.0,142354122953593.5
2026-06-30,BANKNIFTY,2026-07-28,28,57542.9,57500.0,1979.2,3.44,15.46,-1.63,0.84,58000.0,60000;58000;59000,60000;58000;57000,3048450.0,167850.0,1061624418376.5
2026-06-30,NIFTY,2026-06-30,0,23865.75,23850.0,22.15,0.09,2.6,3.19,0.82,23900.0,23900;24000;25000,23850;23800;23900,24229985.0,3391765.0,564057441223250.0
2026-06-30,NIFTY,2026-07-07,7,23865.75,23850.0,334.6,1.4,12.62,-3.57,0.89,24000.0,24000;24500;25500,23400;24000;22000,24229985.0,3391765.0,17715382098973.0
2026-07-01,BANKNIFTY,2026-07-28,27,58033.05,58000.0,1872.55,3.23,14.76,0.33,0.91,58000.0,60000;58000;59000,60000;58000;57000,2388210.0,36150.0,2516538344272.5
2026-07-01,BANKNIFTY,2026-08-25,55,58033.05,58000.0,2676.55,4.61,14.7,0.24,1.88,59000.0,60000;59000;58000,57000;60000;56000,2388210.0,36150.0,26644822005.0
2026-07-01,NIFTY,2026-07-07,6,24005.85,24000.0,294.35,1.23,11.94,0.21,1.11,24000.0,24000;25000;24500,24000;23900;23000,19499285.0,49920.0,67106891572591.0
2026-07-01,NIFTY,2026-07-14,13,24005.85,24000.0,440.4,1.83,12.11,0.34,1.08,24000.0,24500;25000;24300,23800;23000;24000,19499285.0,49920.0,1400700720545.75
2026-07-02,BANKNIFTY,2026-07-28,26,58031.65,58000.0,1796.0,3.09,14.42,-0.47,0.87,58100.0,60000;58000;59000,58000;60000;57000,2386830.0,-1380.0,2482272845089.5
2026-07-02,BANKNIFTY,2026-08-25,54,58031.65,58000.0,2623.95,4.52,14.54,-0.06,1.96,59000.0,60000;59000;58000,57000;60000;56000,2386830.0,-1380.0,29105351910.0
2026-07-02,NIFTY,2026-07-07,5,24175.7,24200.0,222.6,0.92,9.86,0.46,1.33,24100.0,25000;24500;24200,24000;24100;23900,18904210.0,-595075.0,71566648831583.75
2026-07-02,NIFTY,2026-07-14,12,24175.7,24200.0,373.7,1.55,10.66,0.39,1.2,24100.0,24500;25000;24800,23800;23000;24000,18904210.0,-595075.0,2291255277021.75
2026-07-03,BANKNIFTY,2026-07-28,25,57938.5,57900.0,1720.85,2.97,14.11,-0.14,0.85,58100.0,60000;58000;59000,58000;60000;59000,2449320.0,62490.0,2685968236992.0
2026-07-03,BANKNIFTY,2026-08-25,53,57938.5,57900.0,2550.1,4.4,14.27,-0.03,1.87,59000.0,59000;60000;58000,57000;56000;58000,2449320.0,62490.0,40831886748.0
2026-07-03,NIFTY,2026-07-07,4,24270.85,24250.0,184.4,0.76,8.97,0.62,1.0,24200.0,25000;24500;24400,24000;23900;23500,18798650.0,-105560.0,133943325659097.5
2026-07-03,NIFTY,2026-07-14,11,24270.85,24250.0,346.1,1.43,10.16,0.55,1.14,24250.0,24500;25000;24300,23800;24000;23600,18798650.0,-105560.0,3451543665199.5
2026-07-06,BANKNIFTY,2026-07-28,22,58291.5,58300.0,1552.05,2.66,13.52,0.54,0.89,58300.0,60000;59000;58000,58000;59000;60000,2474280.0,24960.0,2698247440504.5
2026-07-06,BANKNIFTY,2026-08-25,50,58291.5,58300.0,2414.85,4.14,13.86,0.16,1.82,59000.0,59000;60000;61000,57000;56000;58000,2474280.0,24960.0,41145039244.5
2026-07-06,NIFTY,2026-07-07,1,24430.35,24450.0,119.8,0.49,11.68,3.34,1.5,24400.0,24500;24600;24400,24000;24300;24400,18396040.0,-402610.0,189417530539867.5
2026-07-06,NIFTY,2026-07-14,8,24430.35,24450.0,297.65,1.22,10.3,1.75,1.19,24400.0,25000;24500;24400,24000;23800;24400,18396040.0,-402610.0,6638802431400.75
2026-07-07,BANKNIFTY,2026-07-28,21,58200.7,58200.0,1452.85,2.5,12.96,0.88,0.89,58400.0,59000;60000;58000,59000;58000;60000,2480130.0,5850.0,2518797457212.0
2026-07-07,BANKNIFTY,2026-08-25,49,58200.7,58200.0,2331.35,4.01,13.52,0.57,1.8,59000.0,59000;60000;61000,57000;56000;58000,2480130.0,5850.0,33313141884.0
2026-07-07,NIFTY,2026-07-07,0,24398.7,24400.0,10.95,0.04,1.52,-0.95,1.0,24400.0,24400;24450;24500,24400;24350;24000,18089370.0,-306670.0,597304962389456.8
2026-07-07,NIFTY,2026-07-14,7,24398.7,24400.0,264.15,1.08,9.76,2.78,0.9,24400.0,24500;25000;24400,24500;24000;23500,18089370.0,-306670.0,14902391107565.0
2026-07-08,BANKNIFTY,2026-07-28,20,56742.6,56700.0,1833.4,3.23,17.23,0.54,0.81,58000.0,59000;60000;58000,59000;58000;60000,2576850.0,96720.0,5083017712017.0
2026-07-08,BANKNIFTY,2026-08-25,48,56742.6,56700.0,2695.65,4.75,16.27,-0.28,1.59,58500.0,59000;60000;58000,57000;56000;55000,2576850.0,96720.0,125467898049.0
2026-07-08,NIFTY,2026-07-14,6,23882.05,23900.0,375.55,1.57,15.37,2.46,0.61,24100.0,24500;24200;25500,23500;23000;23600,19346860.0,1257490.0,98510350794904.77
2026-07-08,NIFTY,2026-07-21,13,23882.05,23900.0,523.25,2.19,14.54,2.41,0.93,24150.0,24300;24200;24500,24000;24200;23000,19346860.0,1257490.0,2461748114679.75
2026-07-09,NIFTY,2026-07-14,5,23962.8,23950.0,274.2,1.14,12.2,2.21,0.8,24050.0,24500;24200;25500,23600;23000;23500,19128525.0,-218335.0,75563121316517.25
2026-07-09,NIFTY,2026-07-21,12,23962.8,23950.0,439.05,1.83,12.58,2.35,1.07,24100.0,24300;24200;24500,24000;23000;21600,19128525.0,-218335.0,2252060477026.75
2026-07-09,BANKNIFTY,2026-07-28,19,57252.45,57300.0,1623.4,2.84,15.55,-0.14,0.85,58000.0,59000;60000;58000,59000;58000;57000,2578200.0,1350.0,3470906498082.0
2026-07-09,BANKNIFTY,2026-08-25,47,57252.45,57300.0,2522.65,4.41,15.28,0.27,1.56,58400.0,59000;60000;58000,57000;56000;58000,2578200.0,1350.0,59045570164.5
2026-07-10,NIFTY,2026-07-14,4,24206.9,24200.0,197.4,0.82,9.72,2.05,1.27,24200.0,24500;24200;24300,23000;24000;24200,18963555.0,-164970.0,129627009206571.5
2026-07-10,NIFTY,2026-07-21,11,24206.9,24200.0,368.8,1.52,10.92,2.09,1.15,24200.0,24200;25000;24500,24000;23000;24200,18963555.0,-164970.0,2853336126267.25
2026-07-10,BANKNIFTY,2026-07-28,18,58045.9,58000.0,1427.75,2.46,13.78,1.08,0.94,58000.0,59000;60000;58000,58000;59000;57000,2514300.0,-63900.0,3442946205996.0
2026-07-10,BANKNIFTY,2026-08-25,46,58045.9,58000.0,2309.35,3.98,13.85,0.9,1.48,58300.0,59000;60000;58000,57000;56000;58000,2514300.0,-63900.0,62388944653.5
2026-07-13,NIFTY,2026-07-14,1,24211.0,24200.0,160.85,0.66,15.86,1.89,1.62,24200.0,24500;24300;24200,24000;23000;24100,18838365.0,-125190.0,240458520712959.25
2026-07-13,NIFTY,2026-07-21,8,24211.0,24200.0,378.25,1.56,13.17,1.78,1.15,24200.0,25000;24500;24200,23000;24000;21600,18838365.0,-125190.0,7093261310417.75
2026-07-13,BANKNIFTY,2026-07-28,15,58131.45,58100.0,1450.9,2.5,15.36,0.17,0.97,58100.0,59000;60000;58000,58000;59000;57000,2440050.0,-74250.0,3889924678077.0
2026-07-13,BANKNIFTY,2026-08-25,43,58131.45,58100.0,2350.35,4.04,14.6,0.29,1.49,58200.0,59000;60000;58000,56000;57000;58000,2440050.0,-74250.0,86972030578.5
2026-07-14,NIFTY,2026-07-14,0,24052.05,24050.0,12.15,0.05,1.64,-0.44,1.01,24050.0,24100;24050;24150,24050;24000;24100,18750225.0,-88140.0,585590279501743.8
2026-07-14,NIFTY,2026-07-21,7,24052.05,24050.0,348.25,1.45,13.07,5.9,0.86,24100.0,24100;25000;24500,23000;24000;21600,18750225.0,-88140.0,14858601852344.25
2026-07-14,BANKNIFTY,2026-07-28,14,57462.3,57500.0,1474.1,2.57,16.4,1.46,0.85,58000.0,59000;60000;58000,59000;58000;57000,2459100.0,19050.0,3495123316876.5
2026-07-14,BANKNIFTY,2026-08-25,42,57462.3,57500.0,2406.75,4.19,15.38,1.22,1.43,58000.0,59000;60000;58000,56000;57000;55000,2459100.0,19050.0,100104511300.5
2026-07-15,NIFTY,2026-07-21,6,24078.5,24100.0,310.9,1.29,12.62,4.32,0.78,24100.0,24200;25000;24500,23000;24000;23300,18687435.0,-62790.0,67459737698557.75
2026-07-15,NIFTY,2026-07-28,13,24078.5,24100.0,456.3,1.9,12.57,3.87,1.08,24200.0,25000;24000;24500,24000;23000;23500,18687435.0,-62790.0,3647183683958.75
2026-07-15,BANKNIFTY,2026-07-28,13,57757.85,57800.0,1360.65,2.36,15.63,1.7,0.85,58000.0,59000;60000;58000,59000;58000;57000,2409660.0,-49440.0,4495841191296.0
2026-07-15,BANKNIFTY,2026-08-25,41,57757.85,57800.0,2282.9,3.95,14.68,0.98,1.34,58000.0,59000;60000;58000,56000;57000;58000,2409660.0,-49440.0,116776510842.0
2026-07-16,NIFTY,2026-07-21,5,24072.75,24050.0,258.0,1.07,11.38,1.15,0.83,24100.0,24200;25000;24500,23000;23300;24000,17862455.0,-824980.0,62810069427888.25
2026-07-16,NIFTY,2026-07-28,12,24072.75,24050.0,423.15,1.76,12.04,1.96,1.07,24200.0,25000;24500;24000,24000;23000;23500,17862455.0,-824980.0,3668286731248.75
2026-07-16,BANKNIFTY,2026-07-28,12,57582.25,57600.0,1304.8,2.27,15.64,-2.0,0.79,58000.0,59000;60000;58000,59000;58000;57000,2485350.0,75690.0,3253006135300.5
2026-07-16,BANKNIFTY,2026-08-25,40,57582.25,57600.0,2243.75,3.9,14.64,-0.82,1.26,58000.0,59000;60000;58000,56000;57000;58000,2485350.0,75690.0,71668376085.0
2026-07-17,NIFTY,2026-07-21,4,24334.3,24350.0,246.35,1.01,12.12,5.2,1.61,24250.0,25000;24700;24800,23000;24000;24200,17200170.0,-662285.0,143593748590490.25
2026-07-17,NIFTY,2026-07-28,11,24334.3,24350.0,426.2,1.75,12.62,4.15,1.13,24200.0,25000;24500;24200,24000;23000;24200,17200170.0,-662285.0,6945581270182.75
2026-07-17,BANKNIFTY,2026-07-28,11,58521.4,58500.0,1257.1,2.15,15.46,3.77,1.01,58200.0,59000;60000;58000,58000;59000;57000,2441130.0,-44220.0,5721818794993.5
2026-07-17,BANKNIFTY,2026-08-25,39,58521.4,58500.0,2200.0,3.76,14.27,2.2,1.24,58000.0,60000;59000;58000,58000;56000;57000,2441130.0,-44220.0,169462229322.0
2026-07-20,NIFTY,2026-07-21,1,24238.5,24250.0,145.45,0.6,14.36,-0.61,1.38,24200.0,24500;24300;25000,24200;24000;24100,16749850.0,-450320.0,208022680017278.75
2026-07-20,NIFTY,2026-07-28,8,24238.5,24250.0,358.8,1.48,12.52,1.11,1.09,24200.0,25000;24500;24200,24000;23000;23500,16749850.0,-450320.0,9347582377675.75
2026-07-20,BANKNIFTY,2026-07-28,8,57945.0,57900.0,1049.55,1.81,15.27,-2.62,0.93,58000.0,59000;60000;58000,58000;59000;56000,2514150.0,73020.0,6352072206754.5
2026-07-20,BANKNIFTY,2026-08-25,36,57945.0,57900.0,2102.9,3.63,14.33,-0.78,1.14,58000.0,60000;59000;58000,58000;57000;56000,2514150.0,73020.0,290406529689.0
2026-07-21,NIFTY,2026-07-21,0,24187.7,24200.0,17.65,0.07,2.19,0.44,0.82,24200.0,24200;24250;25000,24150;24200;24100,17145180.0,395330.0,499863044892386.5
2026-07-21,NIFTY,2026-07-28,7,24187.7,24200.0,317.35,1.31,11.86,3.15,0.91,24200.0,24200;25500;25000,24200;23000;24000,17145180.0,395330.0,14699915347695.5
2026-07-21,BANKNIFTY,2026-07-28,7,57835.35,57800.0,954.95,1.65,14.89,-2.02,0.88,58000.0,59000;60000;58000,58000;59000;56000,2621460.0,107310.0,4799585219562.0
2026-07-21,BANKNIFTY,2026-08-25,35,57835.35,57800.0,2046.65,3.54,14.18,-0.26,1.02,58000.0,59000;60000;58000,58000;57000;56000,2621460.0,107310.0,186845503834.5
